,titles,category
0,머리카락나왔다비싼초밥만쏙쏙골라먹고환불요청한손님,Social
1,서울고법대한통운택배노조와교섭해야재차판단,Social
2,새벽고속도역주행한택시트래픽브레이크로막은경찰,Social
3,억전세사기재판중자책말라피해청년들위로한판사,Social
4,대구경주역주행한택시이것만나멈췄다,Social
5,팬데믹대여성셋중하나자살충동남성배왜,Social
6,미국김건희리스크정조준달러디올백한국여당뒤흔들어,Social
7,정부인미만중대재해법고용악영향노동계공포조장종합,Social
8,경부고속도로역주행한택시손님반대방향말에핸들돌렸다,Social
9,민폐주차차량지붕에주차금지입간판올려둔남자법원서벌금형,Social
10,영상손님태우고고속도로서역주행한택시,Social
11,윤재성김윤미부부일곱째자녀출산화제,Social
12,대표님환영합니다이재명어린이집시찰,Social
13,유퀴즈나온국민참여재판전문검사호공판블랙벨트인증,Social
14,폭설광주전남하늘길뱃길재개대설특보해제종합,Social
15,흉기들고지구대서난동부린대무술단유단자경찰이제압,Social
16,출소년만에성폭행대항소심중형,Social
17,설명절에는아버지장례치를수있길일째싸우는분신택시기사유족,Social
18,보택배노조교섭거부한대한통운심도부당노동행위,Social
19,부산북구청장막말논란에장애인단체인식변화계기돼야,Social
20,유퀴즈나온국민참여재판전문검사호공판블랙벨트인증,Social
21,폭설광주전남하늘길뱃길재개대설특보해제종합,Social
22,흉기들고지구대서난동부린대무술단유단자경찰이제압,Social
23,출소년만에성폭행대항소심중형,Social
24,설명절에는아버지장례치를수있길일째싸우는분신택시기사유족,Social
25,보택배노조교섭거부한대한통운심도부당노동행위,Social
26,부산북구청장막말논란에장애인단체인식변화계기돼야,Social
27,자막뉴스화분에손넣어봤더니헉엄청난눈쏟아진서해안상황,Social
28,서울강서구전세사기범징역년형에항소,Social
29,정유라소개팅서햄버거나눠먹은김남국추잡해,Social
30,김해판서울둔촌주공될까외동주공조합원노심초사,Social
31,얼굴물려바늘꿰맸다부산시민들공포떨게한들개마리,Social
32,전국인문대학학장들무전공모집중단해야인기학과쏠림심화할것,Social
33,저여자술취했다남친말에출동안한경찰납치됐다고속도로뛰어든사망,Social
34,계속된한파에한강도꽁꽁현장화보,Social
35,대한통운택배노조교섭거부심도부당노동행위인정,Social
36,속보안드로이드탑재강요로천억대과징금구글불복했지만패소,Social
37,충남서천수산물특화시장화재현장차합동감식,Social
38,반대방향이란손님말에새벽고속도로서역주행한택시,Social
39,얼굴절반뒤덮은종양탓은둔생활한대엄마서미소되찾아,Social
40,원래이렇게만져요힘확인한것중성추행공방일었다,Social
41,홍준표권영진전시장비판주민우롱말고정정당당하게선거,Social
42,속보심법원도택배노조교섭거부한대한통운부당노동행위,Social
43,서울고법공정위최태원실트론지분인수에대한과징금취소,Social
44,위안부매춘발언류석춘심서무죄,Social
45,전부인차에태워대구경남까지끌고간대체포,Social
46,속보택배노조교섭거부대한통운에심도부당노동행위판결,Social
47,류석춘위안부매춘발언무죄정의연반인권적판결종합,Social
48,음주무면허번째적발된통큰공무원집행유예,Social
49,주식미리사고매수하라증권사애널리스트징역형에항소,Social
50,기암괴석에바다남왜썼냐고물으니집안남자들좋은기운받게,Social
51,교통신호만바꿨을뿐인데제주서억절감,Social
52,이혼한전처에협박문자등건보낸대남성실형,Social
53,자유로지하고속도로만들겠다는고양시사업비조는어디서,Social
54,단독문재완신임방심위원불법적정보취득이어도공익크면보도해야,Social
55,부부싸움에개월아기층서던진친모남편은선처호소,Social
56,경찰음대입시비리의혹경희대압수수색,Social
57,대이웃성폭행한살인전과자심서징역년,Social
58,속보법원구글안드로이드강요억과징금유지판결,Social
59,친절한동대표알고보니남편과불륜시모에게알리면명예훼손되나,Social
60,원래이렇게만져요힘확인한것중성추행공방일었다,Social
61,홍준표권영진전시장비판주민우롱말고정정당당하게선거,Social
62,속보심법원도택배노조교섭거부한대한통운부당노동행위,Social
63,서울고법공정위최태원실트론지분인수에대한과징금취소,Social
64,위안부매춘발언류석춘심서무죄,Social
65,전부인차에태워대구경남까지끌고간대체포,Social
66,속보택배노조교섭거부대한통운에심도부당노동행위판결,Social
67,류석춘위안부매춘발언무죄정의연반인권적판결종합,Social
68,음주무면허번째적발된통큰공무원집행유예,Social
69,주식미리사고매수하라증권사애널리스트징역형에항소,Social
70,기암괴석에바다남왜썼냐고물으니집안남자들좋은기운받게,Social
71,교통신호만바꿨을뿐인데제주서억절감,Social
72,무전공확대정책에전국인문대학장모였다기초학문붕괴,Social
73,부지사업비문턱넘은양산문화예술의전당건립최대고비맞았다,Social
74,김우호정부인사혁신처장시간만에귀가검찰에성실히답변,Social
75,서류허위발급하고취업사실숨긴채실업급여타낸일당적발,Social
76,기초학문붕괴전국인문대학장무전공모집추진에반발,Social
77,미숙아강제출산방치층서던진비정한친모들첫재판,Social
78,대구서경주까지한밤중경부고속도로역주행한택시,Social
79,퇴사한것처럼속여실업급여직원과사업주등명적발,Social
80,외도의심아파트노상서아내살해대징역년에검찰항소,Social
81,대구서경주까지고속도로역주행한택시경찰화물차기사가막아,Social
82,김태흠지사대통령께지원내용전달마음풀어달라사과,Social
83,전현직대구시장페이스북에서설전,Social
84,폄훼논란인천시의장불신임안가결의장직상실,Social
85,살인죄출소후대성폭행한대심서가중처벌,Social
86,내가기소한사건구형줄여줄게출신변호사심실형,Social
87,곗돈돌려막기후먹튀한대여성피해금액만무려억,Social
88,발달장애는죄가아니다국힘구청장에게울분토한부모들,Social
89,뉴스어이방향아닌데고속도로역주행한택시,Social
90,살인죄로징역년산대출소년만에대성폭행,Social
91,파란페인트로쓴바다남액운막으려고,Social
92,반대방향승객말에고속도로서유턴공포의역주행,Social
93,대살인전과자대이웃성폭행형량늘어징역년,Social
94,지역주택조합복마전청주시실태조사후수사의뢰,Social
95,수도권대형병원개올해부터간호사채용면접동시진행하는이유,Social
96,허위초청외국인무더기입국도운무역업자추가기소서징역형,Social
97,말싸움중아내살해한대징역년에검찰항소,Social
98,김남국햄버거집에서소개팅반씩나눠먹었다호소,Social
99,안산제조공장서대근로자금형기계에끼여숨져,Social
100,울산대왕암바위에낙서한대검거가족액운막으려고,Social
101,중국서송환된강남마약음료주범구속기소,Social
102,롤스로이스에게마약처방하고환자성폭행대의사구속기소,Social
103,정준영월출소단톡방멤버들복귀움직임,Social
104,우리애당뇨걸리니제로로줘요개업주년서비스에호통친고객,Social
105,억원유사수신억원투자금편취아도상위모집책구속기소,Social
106,경찰지하철탑승시위전장연활동가구속영장,Social
107,나잡아봐라피흘리며뛰어다니던알몸경찰이체포하니,Social
108,지하철탑승시위전장연활동가에구속영장신청사사건건,Social
109,내엉덩이꽉움켜쥐고주무른헬스트레이너왜무혐의입니까,Social
110,월출생아또역대최저개월째줄어든대한민국,Social
111,자책말라판사말에울음터졌다억전세사기재판장서생긴일,Social
112,음대교수입시비리불법과외의혹경찰경희대압수수색,Social
113,볼터지겠네연차낼까강추위에대구시민들발동동,Social
114,학교멀어통학힘들어요제주도올해안에남중여중각개교남녀공학추진,Social
115,광주시올하반기승진풍년에활력,Social
116,백윤식이합의서위조거짓주장연인무고혐의로기소,Social
117,새벽경부고속도로역주행한택시,Social
118,일이태원참사특별법공포촉구에동참해달라,Social
119,벙커유억원어치훔쳐내다판일당검거,Social
120,자책말라판사말에울음터졌다억전세사기재판장서생긴일,Social
121,음대교수입시비리불법과외의혹경찰경희대압수수색,Social
122,학교멀어통학힘들어요제주도올해안에남중여중각개교남녀공학추진,Social
123,볼터지겠네연차낼까강추위에대구시민들발동동,Social
124,광주시올하반기승진풍년에활력,Social
125,백윤식이합의서위조거짓주장연인무고혐의로기소,Social
126,새벽경부고속도로역주행한택시,Social
127,일이태원참사특별법공포촉구에동참해달라,Social
128,벙커유억원어치훔쳐내다판일당검거,Social
129,차로에서차로로시속주행한유튜버갑론을박지금이뉴스,Social
130,국정원공공분야해킹는소행총선개입공작우려,Social
131,말다툼하다흉기로아내살해대검찰징역년부당항소,Social
132,출소일주일만에또벽돌든대편의점강도항소심도징역년,Social
133,겨울왕국으로변신하는태백태백산눈축제일개막,Social
134,구형줄여주겠다며돈받은검사출신변호사실형,Social
135,녹말이쑤시개튀김영상유행에식약처긴급경고,Social
136,집가는데돈내중구용산구주민남산터널통행료면제검토,Social
137,원주서제조된강남마약음료제조책구속기소중국서송환,Social
138,현장컷즉각강력하게끝까지응징해병대평창서영하도혹한속훈련,Social
139,억대유사수신아도인터내셔널대표추가기소,Social
140,나주공동혁신도시서무자본갭투자로세대전세사기대구속,Social
141,하급자돈모아과장밥사줘모시는날신고에부산경찰발칵,Social
142,롤스로이스마약처방의사환자명성폭행혐의도구속기소,Social
143,신원식전주갑예비후보민주당탈당이낙연신당등검토,Social
144,고속도로역주행택시이것으로사고막아,Social
145,보이스피싱전달책국가상대소송압수한돈돌려달라결국패소,Social
146,위안부는자발적매춘류석춘교수피해자명예훼손무죄,Social
147,노동부익산지청실업급여부정수급자명적발,Social
148,고속도로공포의역주행경찰차화물차합동작전에멈췄다,Social
149,억손실에도억기부그회사결국전직원해고했다,Social
150,문충운예비후보포항연일에한국형실리콘밸리조성하겠다,Social
151,정박해있는배에서기름억원어치빼돌린일당적발,Social
152,울산대왕암바다에거대불상을기독교연합회반발,Social
153,안산플라스틱제품공장서대노동자끼임사고로숨져,Social
154,대이웃성폭행한살인전과자심서형량늘어징역년,Social
155,광주전남전지역대설주의보해제,Social
156,흉기목에대고협박한대단유단자경찰이맨손제압한순간,Social
157,구형줄여줄게돈챙긴전직검사실형,Social
158,검찰중국서송환된강남마약음료제조책구속기소,Social
159,경찰경희대입학처압수수색음대교수들불법과외입시비리의혹,Social
160,강원문화를만나다문화도시강릉의매력전세계에알릴것,Social
161,학원가마약음료주범인대남성구속기소,Social
162,부산억전세사기대징역년판사는탐욕제어못한시스템탓피해자는잘못없다위로,Social
163,폭설광주전남대설특보사흘만에모두해제,Social
164,롤스로이스남마약처방의사구속기소환자성폭행혐의도,Social
165,폄훼불신임안상정거부허식인천시의장결국권한박탈,Social
166,금오공대교수세계상위연구자선정,Social
167,올해설차례상비용은전통시장만원대형마트만원,Social
168,인천자월도주차된차량서남녀명숨진채발견,Social
169,압구정롤스로이스남에마약류불법처방한의사구속기소,Social
170,놀라운튜터제자들이건카타르시스를못줘요,Social
171,출생아수또역대최저치줄어만명,Social
172,교수불법과외의혹경희대음대압수수색,Social
173,대공익근무요원근무지서극단선택경찰수사,Social
174,광주시광역철도협의안하면예타중지전남도압박,Social
175,해직교사부당채용조희연대법간다징역형집유불복상고,Social
176,음대입시비리전방위확대불법과외의혹경희대압색,Social
177,울산기독교계대왕암공원불상건립계획철회해야,Social
178,수상한남편의한밤외출카톡보니아파트동대표와여행까지,Social
179,풍경북극한파에충북단양강꽁꽁,Social
180,양구대표겨울축제생기나개최위해타시도축제벤치마킹,Social
181,육지보다비싼배송비인천시섬주민에최대만원지원,Social
182,부산한복판에들개출몰시민얼굴물려바늘꿰맸다,Social
183,단독김상조이호승부동산원통계유출그만요청묵살관련진술확보,Social
184,고속도로역주행공포의택시경찰에붙잡힌기사황당해명,Social
185,전국땅값상승세종로가장많이올라,Social
186,코로나예방접종효과있었다질병청중증화예방효과확인,Social
187,고양시원혜진주무관열정뿜뿜고양새얼굴,Social
188,촬영위해일부러말넘어뜨려죽게한태종이방원제작진법원에항소,Social
189,롤스로이스가해남성에게마약불법처방한의사구속기소,Social
190,기름억훔친도둑들잠복근무에딱걸렸다,Social
191,미세먼지주범황기준치배해상유억원치유통일당적발,Social
192,현대중공업방파제복구비용보전소송승소,Social
193,경찰음대교수입시비리의혹경희대압수수색,Social
194,음대교수가입시생불법과외경희대압수수색,Social
195,세종시대중교통이용객쑥쑥월시행이응패스통합환승주목,Social
196,버닝썬승리뜬금허세중국풍일본풍그림올린재외공관프레스룸,Social
197,갈등봉합김경율거취김여사사과등갈등불씨는아직프레스룸이슈,Social
198,정쟁떠난대구수성갑여야예비후보들의출근길인사,Social
199,액운털어내려고울산대왕암공원바다남낙서대검거,Social
200,양구대표겨울축제생기나개최위해타시도축제벤치마킹,Social
201,주차된차에사람쓰러져있다인천서남녀명숨진채발견,Social
202,위기의부경동물원잔여동물구제책마련한다,Social
203,선처해달라신생아숨지게한친엄마들첫재판서눈물의호소,Social
204,류석춘위안부매춘발언무죄법원판결의긴서술어,Social
205,도인사어깨툭서천현장동행국민배경정치쇼프레스룸이슈,Social
206,검찰롤스로이스마약처방의사구속기소환자성폭행혐의도,Social
207,롤스로이스에마약처방의사환자성폭행혐의구속기소,Social
208,국민눈물거부한비정한대통령으로기억될것인가이태원참사,Social
209,경찰앞에서무아지경집에서나체로피흘린옆집서신고했더니체포왜,Social
210,제주해안대설특보모두해제하늘길뱃길정상화수순종합,Social
211,갈등봉합수순대학생군장병행보항공기여편결항프레스룸앵커브리핑,Social
212,이시각헤드라인월일뉴스센터,Social
213,폄훼허식인천시의장직박탈혼미할정도로힘들다,Social
214,출생아개월째만명대작년월만천명역대최소,Social
215,서천특화시장화재원인은합동감식돌입,Social
216,이런차만털렸다만원어치금품훔친대구속,Social
217,따뜻한한끼나눠요추위잊은따뜻한온정,Social
218,지난해월부터미분양관리지역인데포항서가구분양,Social
219,같이타고가자자리있습니까갈등이틀만에봉합열차프레스룸이슈,Social
220,포병여단흑곰대대군인아저씨는우리선생님교육봉사활동화제,Social
221,주차된차에사람쓰러져있다인천서남녀명숨진채발견,Social
222,위기의부경동물원잔여동물구제책마련한다,Social
223,선처해달라신생아숨지게한친엄마들첫재판서눈물의호소,Social
224,류석춘위안부매춘발언무죄법원판결의긴서술어,Social
225,도인사어깨툭서천현장동행국민배경정치쇼프레스룸이슈,Social
226,검찰롤스로이스마약처방의사구속기소환자성폭행혐의도,Social
227,롤스로이스에마약처방의사환자성폭행혐의구속기소,Social
228,국민눈물거부한비정한대통령으로기억될것인가이태원참사,Social
229,경찰앞에서무아지경집에서나체로피흘린옆집서신고했더니체포왜,Social
230,제주해안대설특보모두해제하늘길뱃길정상화수순종합,Social
231,갈등봉합수순대학생군장병행보항공기여편결항프레스룸앵커브리핑,Social
232,이시각헤드라인월일뉴스센터,Social
233,폄훼허식인천시의장직박탈혼미할정도로힘들다,Social
234,출생아개월째만명대작년월만천명역대최소,Social
235,서천특화시장화재원인은합동감식돌입,Social
236,이런차만털렸다만원어치금품훔친대구속,Social
237,따뜻한한끼나눠요추위잊은따뜻한온정,Social
238,지난해월부터미분양관리지역인데포항서가구분양,Social
239,서울강남구에서첫째낳으면첫달만원보따리푸는자치구,Social
240,일째장례못치른분신택시노동자대표엄벌하라,Social
241,인구블랙홀경기도년새만명증가천만명,Social
242,지구대서흉기난동부린대무술단경찰이제압,Social
243,장애아낳은게잘못망언오태원부산북구청장공개사과,Social
244,도로망개선나서는고양시출퇴근시간획기적으로줄입니다,Social
245,중처법인미만확대적용유예논의중단하라,Social
246,친절한뉴스산업스파이꼼짝마처벌강화한다,Social
247,천억대유사수신아도인터내셔널대표모집책기소,Social
248,경찰교수불법과외의혹경희대음대압수수색종합,Social
249,으아아악피흘리며알몸으로발작하는남성경찰이잡고보니,Social
250,노동부장관빵집사장도대상중대재해법유예호소민주노총더이상안돼,Social
251,이경규장도연출연료미지급기획사대표이번엔횡령혐의로유죄사사건건,Social
252,수도권대형병원곳이같은날간호사뽑는이유는,Social
253,음료무료서비스줬더니애당뇨걸려제로없어고함친진상손님,Social
254,경찰지하철탑승시위전장연활동가에구속영장신청,Social
255,억원대선박연료빼돌려불법유통한명검거,Social
256,사망사고낸롤스로이스에마약처방한의사구속기소,Social
257,억전세사기대징역중형청년들마음어루만진판결문눈길,Social
258,대택시기사고속도로역주행트레픽브레이크로사고막았다,Social
259,위안부발언류석춘무죄정대협명예훼손은벌금형,Social
260,서울은평구아파트화재주민여명대피,Social
261,압구정롤스로이스가해자징역년선고,Social
262,월총선여야공천심사앞두고경기지역과열혼탁양상,Social
263,수리중움직인엘리베이터대작업자추락사,Social
264,주유덜해서빼돌려해상유만리터불법유통한일당체포,Social
265,주식사놓고셀프추천한애널리스트징역년개월에항소,Social
266,롤스로이스뺑소니가해자징역년중형선고필요,Social
267,음주운전대러시아인가로등들이받아차량전소,Social
268,한파계속제주내일까지많은눈,Social
269,자막뉴스기름옮기다가유유히외항선등쳐먹은방법,Social
270,대설특보해제빙판길사고잇따라,Social
271,대설한파에결항동파속출제주공항재개,Social
272,회사망하는줄모르고퍼주다전직원해고통보한업체,Social
273,해상유만몰래빼돌려고유가속억챙겨,Social
274,사흘째계속되는한파수도계량기건동파,Social
275,흉기들고지구대서난동부린대유단자경찰이제압,Social
276,위안부매춘의일종류석춘심무죄선고,Social
277,강남마약음료대주범구속기소미성년자마약투약혐의,Social
278,단독간첩잡는다며년된보안망쓰는경찰안보수사단,Social
279,대설특보해제빙판길사고잇따라,Social
280,대설한파에결항동파속출제주공항재개,Social
281,회사망하는줄모르고퍼주다전직원해고통보한업체,Social
282,해상유만몰래빼돌려고유가속억챙겨,Social
283,사흘째계속되는한파수도계량기건동파,Social
284,흉기들고지구대서난동부린대유단자경찰이제압,Social
285,위안부매춘의일종류석춘심무죄선고,Social
286,강남마약음료대주범구속기소미성년자마약투약혐의,Social
287,단독간첩잡는다며년된보안망쓰는경찰안보수사단,Social
288,직원채용시학력차별말라인권위권고연세대만불수용,Social
289,충남서천수산물특화시장화재현장차합동감식,Social
290,수도권상급종합병원월부터신규간호사동시에최종면접,Social
291,직장내괴롭힘신고인이가해자근무장소바꿔달라는데,Social
292,병원스토리수도권상급종합병원신규간호사최종면접같은기간시행,Social
293,성희롱신고라고성희롱만따져보고사건종결했다가는,Social
294,임금체계개편단하나의정답은없다,Social
295,외항선해상유몰래슬쩍억원어치빼돌린일당검거,Social
296,평택항해상유억원치빼돌린일당명검거,Social
297,육아휴직복귀했더니승진누락됐네요,Social
298,분신택시기사대책위반성없는회사대표엄벌을,Social
299,인권위연세대직원뽑을때학력제한개선권고안받아들여,Social
300,외항선기름주유하면서억원어치빼돌린일당검찰송치,Social
301,한쪽눈치료에만억들던이병건보적용만원만낸다,Social
302,변이바이러스에도효과코로나백신맞으니중증화율뚝,Social
303,인천평택항서벙커유빼돌린선장탱크로리기사일당,Social
304,빼돌리거나눈속임억상당해상유가로챈일당명일망타진,Social
305,검찰강남학원가마약음료주범구속기소,Social
306,류석춘위안부매춘발언무죄정대협명예훼손은벌금,Social
307,사흘간서해안에눈너무추운데폭설까지,Social
308,제정신아니었으니좀층에서아이던져죽여놓고선처호소,Social
309,주민도모르게추진함양지방소멸기금으로골프장웬말이냐,Social
310,작년강남구출생아첫아이낳으면최대만원,Social
311,뉴진스민지로칼국수삼행시기사삭제사과,Social
312,자막뉴스저게뭐야고속도로달리던앞차에서날아온흉기에쾅,Social
313,내가기소한사건구형줄여줄게돈받은전직검사징역년,Social
314,마당에쌓인눈으로커피음료를위더스푼레시피화제,Social
315,광주서구전현직의원김광진은광주의자랑이고서구의자산,Social
316,류희림청부민원공익신고자경찰수사로신변위협,Social
317,검찰억편취혐의아도인터내셔널대표추가기소,Social
318,얼굴덮는거대종양의술아프리카여성에미소선물,Social
319,조용익부천시장중동기신도시재건축선도지구선정추진,Social
320,이재명윤대통령한동훈정치쇼김여사의혹은수사받아야,Social
321,서울형키즈카페년반만에만명이용개로늘린다,Social
322,코로나때자살충동느낀대의배왜그런가봤더니,Social
323,가짜초청장수백명불법입국대추가기소실형추가,Social
324,시세나젊은꼰대냐이어알파에밀려나는세대,Social
325,검찰롤스로이스사건마약류처방의사구속기소,Social
326,법원연락금지명령에도전처에차례문자보낸대징역년,Social
327,대사망케한롤스로이스운전자에마약처방의사구속기소,Social
328,롤스로이스남마약처방의사구속기소환자성폭행혐의도,Social
329,경기남북의료인프라격차심화상급종합병원북부엔곳,Social
330,포스트태릉빙상장어디로경기강원격돌,Social
331,수사무마해줄게청탁명목으로수억뜯은검사출신변호사,Social
332,녹말이쑤시개식품아닙니다먹으면안되는이유,Social
333,고의아니다영아살해친모들첫재판서선처호소,Social
334,검찰강남마약음료사건제조책대구속기소,Social
335,작년강남구출생아첫아이낳으면최대만원,Social
336,인천자월도차량서남녀명숨진채발견경찰수사,Social
337,서울시의회민주당김현기의장사견발표를기자간담회로,Social
338,압수한돈돌려줘보이스피싱환전책국가상대로소송냈다패소,Social
339,집안남자들에좋은기운주려고울산대왕암에바다남낙서한대여성붙잡혀,Social
340,중대재해법확대준비못해놓고공포마케팅하는노동부,Social
341,바위틈넣어둔속옷에덜미대왕암공원바위바다남낙서범인은대여성,Social
342,영상흉기들고지구대찾은대무술단경찰관이제압,Social
343,흉기들고지구대서난동부린대무술단경찰이제압,Social
344,강남구첫아이출산시첫달최대만원지원,Social
345,세에초등학력인증거창이근순할머니못배운한풀어,Social
346,올림픽대로서로저속주행길막유튜버논란,Social
347,경찰지하철탑승시위전장연활동가구속영장신청,Social
348,회삿돈억원빼돌려도박에탕진한직원실형,Social
349,위안부는매춘류석춘심무죄의견소명일뿐종합,Social
350,서천특화시장합동감식착수발화지점원인조사,Social
351,밀양서사고난차량받은대오토바이운전자숨져,Social
352,위안부는매춘의일종발언한류석춘무죄정대협명예훼손은유죄로벌금형,Social
353,단독경찰음대교수입시비리의혹경희대압수수색,Social
354,한파에수도관계량기건동파항공편결항뱃길통제늘어,Social
355,강풍폭설에멈췄던제주공항정상화임시편도투입,Social
356,위안부는매춘발언류석춘무죄부적절하지만학문의자유,Social
357,무료콜라중고거래하려고리뷰열심히써요각양각색중고거래하는고물가시대청년들,Social
358,위안부자발적매춘류석춘교수무죄추상적표현,Social
359,하급자사비로상사식사챙기는모시는날부산경찰감찰조사,Social
360,대설로중단된제주공항항공기운항정상화,Social
361,금산불산누출공장피해주민명에만원씩배상,Social
362,위안부매춘무죄받은류석춘유죄부분도항소할것,Social
363,젠더데스크기자성평등보도확산에기여언론사안팎편견은여전,Social
364,정의연반역사적판결류석춘위안부매춘명예훼손무죄에반발,Social
365,남편을간병하며폭언듣는아내,Social
366,피해자보며웃어질타한판사롤스로이스징역년선고,Social
367,자막뉴스위안부는자발적매춘류석춘년만에무죄이유는,Social
368,경찰국과수소방서천특화시장화재원인규명감식시작,Social
369,살인죄출소직후대노인때리고성폭행심서형량늘어,Social
370,위안부매춘의일종발언류석춘무죄정대협명예훼손은일부유죄벌금만원,Social
371,압구정롤스로이스심징역년유족측뉘우침없어종합,Social
372,대통령집무실앞이태원유족들법안거부가국정기조입니까,Social
373,국민연금월평균수령액전국위는울산동구,Social
374,년전이혼한전처에차례문자보낸대징역년,Social
375,부산북항재개발지관통이순신대로일개통,Social
376,지하철운행방해전장연활동가구속영장경찰역무원들에게상해입혀,Social
377,울산시대왕암공원에거대불상추진기독교계철회하라,Social
378,제보는요청해도촬영안하면무용지물현실맞게바뀌어야,Social
379,위안부매춘의일종발언류석춘무죄정대협명예훼손은일부유죄벌금만원,Social
380,압구정롤스로이스심징역년유족측뉘우침없어종합,Social
381,국민연금월평균수령액전국위는울산동구,Social
382,대통령집무실앞이태원유족들법안거부가국정기조입니까,Social
383,년전이혼한전처에차례문자보낸대징역년,Social
384,지하철운행방해전장연활동가구속영장경찰역무원들에게상해입혀,Social
385,부산북항재개발지관통이순신대로일개통,Social
386,울산시대왕암공원에거대불상추진기독교계철회하라,Social
387,제보는요청해도촬영안하면무용지물현실맞게바뀌어야,Social
388,폄훼논란인천시의장불신임안가결의장직잃었다,Social
389,대법환경오염피해개연성만입증하면배상책임인정첫판결,Social
390,구독자모집대가금품거래전직기자경찰심도벌금형,Social
391,직장인명중명대중교통스트레스,Social
392,밀양서음주운전승용차추돌한대오토바이운전자사망,Social
393,반복적음주운전하다적발되자친언니주민번호댄대징역형,Social
394,압구정롤스로이스사고가해자심징역년의사만류에도운전,Social
395,행인치어숨지게한압구정롤스로이스대심징역년,Social
396,김광진서구을예비후보지지선언이어져,Social
397,음주운전전과공무원또만취운전이번에는집행유예,Social
398,조기부왕창업주삼영산업직원전원해고누적부채억종합,Social
399,롤스로이스가해남성심징역년잘못반성안해,Social
400,올림픽프렌즈배우이동욱동계청소년올림픽응원동참,Social
401,영화관화장실에다른층손님우르르휴지값돌려줘소송,Social
402,울산기암괴석에기괴한낙서범인이밝힌황당한이유,Social
403,위안부매춘발언류석춘무죄교수의자유제한최소화해야종합,Social
404,상사모시는날익명신고에부산경찰청감찰조사중,Social
405,나잡아봐라방안에서나체상태로뛰어다닌남성체포된이유,Social
406,노량진일대대규모아파트단지로바뀐다재개발계획잇따라통과,Social
407,시의원들에게여비준혐의강수현양주시장불구속송치,Social
408,강남마약롤스로이스뺑소니가해자징역년선고,Social
409,위안부는자발적매춘류석춘무죄정대협명예훼손은벌금형,Social
410,고생고단함에서강인함이미지로다큐사진이제주해녀인식바꿨다,Social
411,인천자월도해변차량서남녀명숨진채발견,Social
412,경찰앞에서피흘리며뛰어다닌알몸집에서이것발견됐다,Social
413,폄훼논란인천시의장해임불신임안의결,Social
414,회삿돈억빼돌린대직원쇼핑도박에탕진했다,Social
415,류석춘위안부발언무죄정의연명예훼손은벌금형종합,Social
416,나주서오피스텔보증금억원가로챈대구속,Social
417,간식주려다얼굴물렸다부산도심에나타난들개에비상,Social
418,눈잦아든제주오늘하루만명빠져나간다,Social
419,형량줄여줄게속여억만원빼돌린검찰출신변호사심징역년,Social
420,입사목적이횡령개월간억빼돌려도박에탕진한대,Social
421,위안부는자발적매춘발언류석춘전교수무죄,Social
422,경부고속도역주행택시트래픽브레이크로막은경찰,Social
423,약물뺑소니압구정롤스로이스남심징역년선고,Social
424,과거를묻지마라섬뜩한가해자의용어전쟁과문학,Social
425,엉덩이주무른트레이너성추행무혐의에피해여성분통,Social
426,서울노량진구역최고층으로가구공급건축심의통과,Social
427,전청조스페인서머스크와펜싱자작극남현희본인안데려가기분나빠해,Social
428,들개에물렸다부산서아찔사고사나운개만났을때대처법,Social
429,이경규등에출연료미지급기획사대표횡령혐의로집행유예,Social
430,밀양국도호선서오토바이승용차충돌명숨져,Social
431,지하철탑승시위전장연활동가구속기로,Social
432,광주전남사흘간폭설오후특보해제될듯,Social
433,학생들에합성능욕당한초등교사되레아동학대로신고당했다,Social
434,복지장관의대정원늘린호주프랑스고위관계자들만나정책논의,Social
435,담임얼굴노출사진합성한초등생되레아동학대신고,Social
436,인천자월도해안가차에서남녀명숨진채발견,Social
437,한국건설수분양자피해최소화조오섭국토부차관에대책마련요구,Social
438,압구정롤스로이스사건심징역년유족은여전히괴롭다종합,Social
439,위안부는매춘의일종류석춘교수년여만에무죄,Social
440,초대형겨울축제서울윈타만명발길글로벌축제로,Social
441,수사무마미끼수억가로챈검사출신변호사징역년,Social
442,액운털어내려고울산대왕암공원낙서대여성검거,Social
443,해병대영하도추위속설한지훈련적의어떤도발에도압도적대비를,Social
444,광주시전남도에광역철도노선변경최후통첩갈등심화,Social
445,위안부자발적매춘발언류석춘무죄정대협부분일부유죄상보,Social
446,바위틈넣어둔속옷에덜미울산대왕암공원낙서범잡혔다,Social
447,서울형키즈카페올해개로늘린다주말운영시간도연장,Social
448,만명찾은서울윈타서울대표겨울축제브랜드로육성,Social
449,서울형키즈카페개로늘린다주말오후시까지운영,Social
450,위안부명예훼손논란류석춘심서벌금형일부유죄,Social
451,안동상의회장추대위현회장사퇴이동찬씨추대키로,Social
452,제주하늘길뚫렸지만한라산은일째통제눈이상쌓여,Social
453,해외연수시의원들에달러씩돈봉투강수현양주시장송치,Social
454,시화매립지꽃향기정원으로탈바꿈년까지경기정원,Social
455,울산대왕암공원바위낙서범잡아액운막으려그랬다,Social
456,내가기소한사건구형줄여줄게전관변호사징역년,Social
457,김홍일방통위원장포털뉴스공정성제고차질없이추진뉴시스,Social
458,압구정롤스로이스징역년법원증거인멸급급중형불가피,Social
459,검찰억대장학회돈횡령김만복국정원장심판결에항소,Social
460,민폐주차에주차금지입간판올려경고한주민벌금형무죄,Social
461,위안부는매춘의일종발언한류석춘전연세대교수무죄,Social
462,밀양부북면번국도서추돌사고오토바이운전자숨져,Social
463,지하철탑승시위중직원깨문전장연활동가구속영장,Social
464,소이증귀재건중혈관손상위험이경우수술주의를,Social
465,롤스로이스심징역년피해자측구형더높았다면종합,Social
466,스브스픽판사도마땅히중형압구정롤스로이스징역년,Social
467,폭설에빙판길된제주눈길사고건명병원이송,Social
468,야근한직원에게새벽별보러가자양평데려간대기업간부,Social
469,처벌낮춰준다수억원수수혐의검찰전관변호사실형,Social
470,회삿돈억원빼돌려도박으로탕진한대징역년,Social
471,롤스로이스사망사건운전자징역년도주약물모두인정돼,Social
472,학교떠나는유초등교사들서울공립명퇴년간최대,Social
473,주차된차쾅쾅철원서음주사고후미조치도주대붙잡혀,Social
474,전희경의정부갑출마선언의정부는삶의뿌리이자원천,Social
475,액운털어내려고울산대왕암공원바다남낙서범잡았다,Social
476,피해자보고웃어압구정롤스로이스운전자징역년,Social
477,밀양서사고난승용차추돌오토바이운전자숨져,Social
478,피해자보며웃었다판사도분노롤스로이스징역년,Social
479,검찰억대장학회돈횡령김만복국정원장심판결에항소,Social
480,민폐주차에주차금지입간판올려경고한주민벌금형무죄,Social
481,위안부는매춘의일종발언한류석춘전연세대교수무죄,Social
482,밀양부북면번국도서추돌사고오토바이운전자숨져,Social
483,지하철탑승시위중직원깨문전장연활동가구속영장,Social
484,소이증귀재건중혈관손상위험이경우수술주의를,Social
485,롤스로이스심징역년피해자측구형더높았다면종합,Social
486,스브스픽판사도마땅히중형압구정롤스로이스징역년,Social
487,폭설에빙판길된제주눈길사고건명병원이송,Social
488,야근한직원에게새벽별보러가자양평데려간대기업간부,Social
489,처벌낮춰준다수억원수수혐의검찰전관변호사실형,Social
490,회삿돈억원빼돌려도박으로탕진한대징역년,Social
491,자녀앞에서흉기휘둘렀다년같이산아내살해한남편,Social
492,개업주년음료서비스줬더니우리애당뇨걸린다제로로달라고함,Social
493,학교운동부예산만원횡령체육교사집행유예,Social
494,여당탈당이언주돌고돌아다시민주당으로,Social
495,롤스로이스징역년피해자측검찰구형더높았다면종합,Social
496,충북밤사이눈길낙상교통사고잇따라명부상,Social
497,너네죽이고나도죽겠다망치톱으로경찰위협한대검거,Social
498,압구정마약롤스로이스징역년법원피해자보며웃어질타,Social
499,인사청탁뇌물수수혐의현직치안감구속영장,Social
500,결혼할여친차례나엄벌해달라딸얼굴공개한유족,Social
501,깍듯이도인사한어깨툭치며악수한,Social
502,검찰장학회공금억횡령김만복전국정원장징역형집유에항소,Social
503,건설업위기확산광주전남서법정관리신청잇따라,Social
504,밀양서차량글램핑장화재잇따라명숨져,Social
505,모티브총기부품불법수출혐의로전직직원고소,Social
506,이정도면같이쉴만한데육휴부모에최대만원혜택주는제주,Social
507,피해자보며웃었다롤스로이스심서징역년선고,Social
508,집에초대남커플불렀는데도둑질억시계명품훔쳐갔다,Social
509,수사무마해줄게수억뜯은검사출신변호사년실형,Social
510,액운털어내려울산대왕암바다남낙서한대여성검거,Social
511,폄훼논란허식인천시의장불신임안가결의장직상실,Social
512,국내연구진극성반도체입자인트라이온의생성원리찾아,Social
513,대여성치어숨지게한압구정롤스로이스운전자징역년선고,Social
514,불법유턴하다잡힌대알고보니사기죄수배범법원실형선고,Social
515,국가보안시설또뚫렸다한울원전노트북무단반입파장,Social
516,구형량줄여줄게피의자속여수억챙긴전직검사실형,Social
517,데이터폭증해결할광원소자최초개발,Social
518,강남구에선아이한명만낳아도만원서울자치구출산양육지원금확대경쟁,Social
519,분만에간한동훈윤석열왜왔나서천시장상인들분노,Social
520,단독횡령배임고발전남목포시출연기관목포수산물유통센터경찰수사착수,Social
521,류석춘위안부매춘발언무죄정대협명예훼손은유죄로벌금,Social
522,오송참사충북도공무원명구속갈림길영장심사,Social
523,울산대왕암공원바다남낙서범붙잡혀가족액운털어내려고,Social
524,압구정롤스로이스징역년검찰구형대로선고,Social
525,액운막겠다며대왕암공원기암괴석에낙서한대,Social
526,제가모시겠습니다부산경찰상사식사챙기는모시는날논란,Social
527,고양시자유로지하화등광역교통도로망개선교통체증해소,Social
528,고양시출퇴근도로망개선총력교통체증해소,Social
529,폄훼논란인천시의장불신임안가결의장직상실,Social
530,제주공항항공기운항정상화국내선등편만결항,Social
531,롤스로이스심서징역년증거인멸급급피해자보고웃어,Social
532,추락사망전비슷한사고소잃고도외양간안고친삼성중공업,Social
533,시의원돈봉투전달강수현양주시장송치,Social
534,나손아프니까오렌지까줘식당서황당요구,Social
535,살인죄출소년개월만에성폭행대항소심서형량늘어,Social
536,수도권대학진학생집주겠다울릉군수교육정책파격제안,Social
537,마약롤스로이스뺑소니가해자심징역년,Social
538,영상아악나체상태로집안뛰어다닌남성잡고보니마약,Social
539,자월도해안가승용차안에서남녀명숨진채발견,Social
540,사람얼굴확문들개포획나섰지만아직지금이뉴스,Social
541,강릉서음주운전대러시아인전봇대들이받아차량전소,Social
542,위안부는매춘의일종류석춘전연세대교수심무죄,Social
543,서만난여성신체몰래촬영한대,Social
544,압수한돈돌려달라소송낸보이스피싱환전책패소,Social
545,액운털어내려고울산대왕암공원바위낙서범검거,Social
546,김포고등학교서한밤중화재시간반만에완진인명피해없어,Social
547,보류석춘위안부매춘발언무죄정대협명예훼손은일부유죄,Social
548,뇌사자간기다리던중증환자생체간이식하니생존율배,Social
549,구형량줄여주겠다며금품수수전관변호사심실형,Social
550,몸에좋은황기이렇게볶으면인지능력개선쑥,Social
551,남북활주로까지열렸다제주공항체류객만명빠져나가나,Social
552,초등생들비키니합성뿌렸는데아동학대신고당한교사,Social
553,지하철탑승시위전장연활동가구속영장,Social
554,류석춘위안부는매춘심무죄정대협관련발언엔벌금만원,Social
555,얼굴물려바늘꿰맸다부산한복판야생들개비상,Social
556,콘서트티켓싸게팔아요만원사기친대실형,Social
557,위안부는매춘발언류석춘전교수무죄정대협명예훼손은일부유죄,Social
558,내가기소한사건구형줄여줄게돈챙긴전직검사실형,Social
559,복지부인구줄지만고령화로의료수요팽창,Social
560,통로주차에주차금지간판올렸다가벌금형심서무죄로,Social
561,인천자월도에주차된차량서남녀명숨진채발견,Social
562,남자의로망이죠조규성장발유지하는이유,Social
563,기부왕이종환창업주김해삼영산업직원명해고통보,Social
564,인천자월도주차차량서남녀명숨진채발견경찰수사,Social
565,울산대왕암낙서는주술행위대여성검거남자들좋은기운,Social
566,고양시자유로지하고속도로등광역도로교통개선추진,Social
567,롤스로이스로인도돌진해사망사고낸대징역년선고,Social
568,액운막으려대왕암에바다남낙서,Social
569,편두통예방에좋은약은,Social
570,지자체급승진교육베껴쓰기없어진다,Social
571,전기장판절대이것과같이쓰지마세요,Social
572,뉴스라이브설대목앞둔서천특화시장화재오늘감식착수,Social
573,플라스틱공장서혼자일하던대남성금형기계에참변,Social
574,폄훼인천시의장불신임안가결의장직상실의원신분유지,Social
575,속보법원압구정롤스로이스사고가해자징역년선고,Social
576,한라산에나흘간눈쌓여내일까지더내릴듯,Social
577,인천전역한파주의보해제오전시도,Social
578,부하직원돈으로상급자밥사먹여부산경찰악습에감찰조사,Social
579,지구대찾아가망치톱으로경찰위협대송치,Social
580,민폐주차차량에주차금지입간판올려응징무죄,Social
581,억대장학회돈횡령김만복국정원장심판결에항소,Social
582,맨날술먹고염하지청년센터에욕설폄훼쏟아낸시의원,Social
583,법원도주치사압구정롤스로이스남징역년선고,Social
584,마약운전교통사고에도주까지롤스로이스뺑소니징역년선고,Social
585,은내란배포논란인천시의회의장불신임안가결,Social
586,광주북구을여론조사서이형석전진숙초박빙접전,Social
587,광주김낙곤사장기소를촉구합니다,Social
588,대여성사망케한압구정롤스로이스남징역년형선고,Social
589,단독쌍방울대북송금의혹수사김영남부장검사사의표명,Social
590,인미만사업장안전체계만들겠다정부국회에중처법유예호소,Social
591,에앞유리가와장창지붕에쌓인눈얼음흉기로돌변,Social
592,회삿돈억횡령해도박탕진한인사팀직원에징역년,Social
593,내가기소한사건구형줄여줄게돈챙긴전직검사실형,Social
594,속보명예훼손아냐위안부는매춘발언류석춘전연세대교수무죄,Social
595,롤스로이스심징역년도주치사혐의죄책중해,Social
596,속보압구정마약롤스로이스심서징역년,Social
597,지하도침수위험실시간안내민관손잡고내비게이션고도화,Social
598,피해자보호명령받고도전처에게수백차례문자대징역년,Social
599,경기도가문재인정부통계조작의혹수사를홍보,Social
600,이강추위에고공농성그는이런사람입니다,Social
601,집안남자들좋은기운받게하려고울산대왕암공원낙서범의해명,Social
602,아아악알몸으로뛰어다닌남성제압하고보니,Social
603,액운막으려울산대왕암공원낙서범검거,Social
604,속보위안부는자발적매춘류석춘심벌금만원선고,Social
605,이경규장도연등에출연료안준기획사대표횡령혐의집유,Social
606,원만년째지속된온라인구걸에누리꾼눈살,Social
607,콘서트티켓싸게팔아요만원먹튀한대징역년,Social
608,왜곡신문배포허식인천시의장직상실불신임안가결종합,Social
609,부산북항재개발지역관통이순신대로일개통,Social
610,밀양서차량글램핑장화재잇따라명숨져,Social
611,고발사주제보자조성은입당원서조작혐의로재판행,Social
612,속보위안부는자발적매춘류석춘교수심서무죄,Social
613,만여명발묶인제주공항일항공편재개,Social
614,최대폭설광주전남빙판길교통사고도속출종합,Social
615,롤스로이스심년형반성않고증거인멸급급상보,Social
616,아들가방에몰래녹음기넣은주호민부부아동학대로신고당했다,Social
617,유세윤장도연출연료안준기획사대표억대횡령혐의징역형,Social
618,압구정롤스로이스사망사고가해자심징역년,Social
619,겨울잠자고만원받는다시몬스이색알바만명몰려,Social
620,롤스로이스인도돌진가해자징역년선고,Social
621,역무원시절부터년준비지하철분재승차제안임국현서울시팀장스우파,Social
622,압구정롤스로이스인도돌진대심징역년,Social
623,역사적상징물에자가서울울산에이어제주도낙서테러,Social
624,비행기떴다기상악화풀린제주공항항공기운항정상화,Social
625,그때참힘들었지대남성보다자살충동배더컸던시기,Social
626,루이비통샤넬짝퉁명품에발암물질범벅,Social
627,압구정롤스로이스사고운전자심서징역년,Social
628,중엉덩이움켜쥐었다트레이너성추행신고했지만무혐의,Social
629,기업까지뛰어든가정용심전계시장최후승자는,Social
630,담임에노출여성합성한학생들교권피해신고에아동학대보복,Social
631,제주성급리조트더시에나박에박더프로모션,Social
632,미분양무덤대구서주택사업승인반납사례발생,Social
633,속보압구정마약롤스로이스운전자심징역년,Social
634,셀트리온우시와신약개발공동개발,Social
635,도주치사혐의롤스로이스심징역년죄책중해보,Social
636,속보압구정롤스로이스남심징역년,Social
637,담임성적수치심느껴신고했지만아동학대로역신고당했다,Social
638,하루식사시간분대만간호사들의폭로,Social
639,이경규장도연출연료미지급기획사대표횡령혐의집유,Social
640,민폐주차차량위에주차금지입간판올린대항소심서무죄,Social
641,인천영종도한국판라스베이거스로변신국내최대카지노승인,Social
642,압구정롤스로이스사고가해자징역년피해자보고웃었다보,Social
643,남녀속옷에꼬리잡혔다기암괴석바다남낙서범검거,Social
644,인당주일일회용플라스틱개사용폐기물생수음료최다,Social
645,주호민부부아동학대로신고당해아들방임주장한특수교육전문가,Social
646,신호위반차에치여다리절단가해자는사과한마디없네요,Social
647,먼곳자식보다이웃사촌경남형통합돌봄확대한다,Social
648,압구정롤스로이스뺑소니운전자심서징역년,Social
649,스키시즌대목인데춘천대형스키대여점화재로전소,Social
650,경찰이압수한돈돌려달라국가에소송건보이스피싱가담자패소,Social
651,적자억에직원월급도밀릴뻔제주대병원무슨일,Social
652,피해자보고웃어압구정롤스로이스가해자징역년,Social
653,안전운전만할꺼다올림픽대로서시속로길막하던유튜버,Social
654,이경규장도연억대출연료못받았다기획사대표징역형집유,Social
655,제주도폭설강풍사흘째하늘바닷길에결항이어져,Social
656,학교운동부예산천만원횡령한교사징역형집행유예,Social
657,울산대왕암공원바다남낙서범검거액운쫓으려고,Social
658,속보압구정롤스로이스심징역년선고,Social
659,이경규등출연료미지급기획사대표횡령혐의집유,Social
660,손톱망가지니오렌지좀까줘식당알바생부르더니황당요구,Social
661,무면허음주적발되자친언니주민번호댄대징역형,Social
662,수리중갑자기움직인엘리베이터평택공사장서대추락사,Social
663,난와각별조원수표도하사했다거짓말로억원가로챈대,Social
664,중처법제조건설업기어코강행카페에선공장만적용아녜요,Social
665,올림픽대로에서시속로운전민폐냐아니냐갑론을박,Social
666,나주혁신도시오피스텔채로갭투자전세사기,Social
667,매진된콘서트표팝니다표안보내고만원꿀꺽대결국,Social
668,결국강제수사나섰지만이선균수사정보유출면죄부우려도,Social
669,울산대왕암공원바위낙서범잡고보니대가족액운털려고,Social
670,폄훼논란인천시의장불신임안가결의장직상실,Social
671,간만에간찜질방요금이게맞아년이후최고치찍었다,Social
672,서천전통시장화재차합동감식발화지점집중조사,Social
673,대설한파여파전국항공기편결항도로도곳곳통제,Social
674,류희림위원장님께묻습니다방심위내부저항은이렇게시작됐다,Social
675,순직한소방관딸위해생일파티열어준동료들훈훈,Social
676,제주공항운항재개오늘편운항예정,Social
677,매진된콘서트티켓팔아요만원먹튀한대실형,Social
678,속보압구정롤스로이스심징역년선고,Social
679,이경규등출연료미지급기획사대표횡령혐의집유,Social
680,손톱망가지니오렌지좀까줘식당알바생부르더니황당요구,Social
681,무면허음주적발되자친언니주민번호댄대징역형,Social
682,수리중갑자기움직인엘리베이터평택공사장서대추락사,Social
683,난와각별조원수표도하사했다거짓말로억원가로챈대,Social
684,중처법제조건설업기어코강행카페에선공장만적용아녜요,Social
685,올림픽대로에서시속로운전민폐냐아니냐갑론을박,Social
686,나주혁신도시오피스텔채로갭투자전세사기,Social
687,매진된콘서트표팝니다표안보내고만원꿀꺽대결국,Social
688,결국강제수사나섰지만이선균수사정보유출면죄부우려도,Social
689,울산대왕암공원바위낙서범잡고보니대가족액운털려고,Social
690,폄훼논란인천시의장불신임안가결의장직상실,Social
691,제주공항운항재개해안지역눈약해져,Social
692,제주공항오늘비행기뜬다대형항공기등체류객수송총력,Social
693,학생들에합성능욕당한교사되레아동학대로피소,Social
694,주차단속시간조정에뿔난용인지역상인들,Social
695,오늘은뜬다제주공항항공기운항정상화,Social
696,서해안사흘째폭설강추위에도로도꽁꽁,Social
697,광주전남대설특보오전까지최고눈,Social
698,밀양시글램핑장불인명피해없어만원재산피해,Social
699,고이라고속이고는대남성대여학생에성범죄,Social
700,배달의민족배달취소피해업주에전가알고리즘변경논란,Social
701,중대재해법확대적용정부에개정요청만근로자에피해,Social
702,폄훼논란허식의장불신임안가결의장직박탈,Social
703,울산대왕암공원바다남낙서범인집안남자들좋은기운받으라고,Social
704,총선앞두고대책없는감세에도언론들호평일색,Social
705,울산기암괴석에바다남낙서한범인은대여성대체왜,Social
706,김두관민주당경남도당위원장균형있게국회의원배출응원해주시길,Social
707,코로나때대여성이남성보다극단선택충동배높았다왜,Social
708,최강한파에전국꽁꽁동파한랭질환자속출,Social
709,이선균수사보고서유출압수수색당한디스패치경찰치부덮는데쓰지않길,Social
710,시속로주행해차량정체느림보운전한유튜버결국,Social
711,인천자월도에주차된차량서남녀명숨진채발견,Social
712,장례식장난투극벌인조폭들에유죄선고영화친구모티브조직,Social
713,고인척미성년자속여룸카페서성폭행한대가족에범행발각,Social
714,압수된돈돌려줘보이스피싱환전책국가상대소송패소,Social
715,통로에왜주차해차지붕에주차금지간판올린주민무죄,Social
716,치안감등경찰관명영장사건브로커통해승진청탁혐의,Social
717,콘서트티켓팔아요만원먹튀한대징역년,Social
718,밀양시글램핑장불인명피해없어만원재산피해,Social
719,고이라고속이고는대남성대여학생에성범죄,Social
720,배달의민족배달취소피해업주에전가알고리즘변경논란,Social
721,중대재해법확대적용정부에개정요청만근로자에피해,Social
722,폄훼논란허식의장불신임안가결의장직박탈,Social
723,울산대왕암공원바다남낙서범인집안남자들좋은기운받으라고,Social
724,총선앞두고대책없는감세에도언론들호평일색,Social
725,울산기암괴석에바다남낙서한범인은대여성대체왜,Social
726,김두관민주당경남도당위원장균형있게국회의원배출응원해주시길,Social
727,코로나때대여성이남성보다극단선택충동배높았다왜,Social
728,만원돌려줘범죄피해금반환요구한보이스피싱환전책,Social
729,제주항공편서서히재개발묶인만명공항으로,Social
730,정부년만에단통법폐지지원금경쟁으로소비자편익늘리겠다,Social
731,다이어트한것도아닌데저절로살빠졌어요빨리병원가야할이유,Social
732,이경민영도구의회의장김기재구청장폭행혐의고소취하,Social
733,가족액운막기위해울산대왕암공원낙서대여성붙잡혀,Social
734,출산율꼴찌에특단대책내놓은김현기서울시의회의장소득기준제한없애자,Social
735,카톡서발견된남편의불륜알고보니상대는아파트동대표,Social
736,김포마산동고등학교불인명피해없어,Social
737,사건브로커인사청탁의혹현직치안감등명구속영장청구,Social
738,왜곡신문배포허식인천시의장직상실불신임안가결,Social
739,폄훼인쇄물돌린허식인천시의장결국의장직박탈,Social
740,수업시간기기사용시간늘수록수학점수점씩하락,Social
741,셀트리온우시와신약개발맞손임상물질생산,Social
742,검찰장학회돈횡령김만복전국정원장징역형집유에항소,Social
743,살려주세요원년째온라인구걸그시간에일하면만원벌었겠다,Social
744,인미만중대재해법장관들유예해야마지막호소,Social
745,한파속전국곳곳에서화재잇따라,Social
746,부모에예비이랬는데룸카페서살여아성범죄저지른대,Social
747,한라산눈폭탄에영하권사흘째꽁꽁언제주,Social
748,호남지방대설특보오전까지최고눈,Social
749,핫클릭핵위협기후변화에지구종말시계올해도초,Social
750,수리하던엘리베이터가갑자기대작업자추락사,Social
751,보이스피싱환전책체포당시압수한천만원돌려줘소송,Social
752,다산신도시힐스테이트지금디포레영화관씨네큐오픈다이소입점예정,Social
753,엘리베이터수리하던대기사추락사망,Social
754,광주전남중소건설사줄줄이법정관리신청,Social
755,나도모르게취소된항공권가족여행이악몽이된순간,Social
756,말기간질환생체이식생존율더높다이식대기줄까,Social
757,자막뉴스돼지머리무혐의너무당연한결과이슬람사원안갯속,Social
758,사흘째영하권강추위광주전남최대많은눈,Social
759,이경규장도연억대출연료못받아기획사대표횡령혐의집유,Social
760,제주공항운항재개일부결항,Social
761,담임얼굴에비키니합성피해알리자학부모들아동학대신고,Social
762,한파대설에항공기편무더기결항여객선도꽁꽁묶였다,Social
763,광주사흘간눈미끄러지고꼬리물고출근길엉금엉금,Social
764,제주도갈때항공편꼭확인해야,Social
765,영화친구조폭들친구복수한다며장례식장서난투극하다처벌,Social
766,부산상가건물서불인명피해없어명대피명구조,Social
767,경찰인사청탁관여혐의현직치안감구속영장청구,Social
768,티켓싸게판다며만원먹튀한대결국감방,Social
769,춘천출신육동인전청와대춘추관장경인여대신임총장선임,Social
770,가하사한조원수표거짓말로억뜯어낸사기꾼,Social
771,제대로작동안한소방설비서천시장화마키워,Social
772,재난현장서순직한소방관딸위해생일파티열어준동료들,Social
773,월일수오늘서울시엄마아빠택시개전자치구서확대시행,Social
774,울산대왕암공원기암괴석낙서범인잡아액운막으려낙서,Social
775,내손톱망가진다갈비탕집알바생에오렌지까달라고요구한손님,Social
776,불산누출후주민들기침가래호소개연성있어만원배상,Social
777,아직도네서방안나서네년전이혼한전처스토킹한대,Social
778,강남구첫아이낳으면최대만원지원서울전체서유일하게출생아증가,Social
779,정부보조금억원꿀꺽허위서류로지원금받은교육업체,Social
780,인천자월도차량서남녀명숨진채발견경찰수사,Social
781,호남사흘째폭설에최고쌓여제주공항항공편운항차질,Social
782,회원엉덩이움켜쥔트레이너성추행무혐의,Social
783,재판지연해소법원시니어판사도입활용검토,Social
784,보이스피싱환전책체포당시압수한천만원돌려줘소송,Social
785,일평생약자를사랑하고보호자가된목자마지막길엔장기기증그립습니다,Social
786,전국한파대설에일까지항공편결항다행히인명피해없어,Social
787,강원산지는체감도전국덮친한파오늘도이어져,Social
788,제자리에서빙글빙글석달째폐그물에걸린아기돌고래운명은영상,Social
789,오늘은비행기뜬다눈보라갇혔던제주공항셧다운해제,Social
790,가나한테조원수표줬다거짓말로억원편취한대,Social
791,우리애는왕왕자처럼대하라논란된학부모근황,Social
792,상습교통체증자유로고양시구간지하고속도로화추진,Social
793,김영미예비후보지방살려야서울도살고국가도산다,Social
794,은평구아파트층안방서불주민명병원이송,Social
795,치매진단년전뇌회색질두께얇아져,Social
796,내일출근길도한파계속서울아침최저도,Social
797,명절장사앞두고쌓아둔물건모두타상인들망연자실,Social
798,단독달러여비하세요시의원에돈봉투살포양주시장송치,Social
799,사흘째연이은눈폭탄남부권도로끊기고사고속출,Social
800,북극발최강한파한랭질환등피해속출,Social
801,경찰이선균수사정보유출의혹디스패치압수수색,Social
802,결혼약속한딸을회찔렀다우발적이라고유족의절규,Social
803,고교학점제내년인데입시는그대로나만의시간표성공할까,Social
804,도로얼어붙고고드름생기고부산한파강풍에신고잇따라,Social
805,미성년자속여룸카페서성폭행한대피해자부모에게예비고교생이라소개,Social
806,고교패러다임전환문정부교육공약호정시늘리며엇박자,Social
807,김포한고교서한밤중화재시간분만에완진,Social
808,살삼양열무비빔면역사속으로팔도에밀려생산중단,Social
809,콘서트티켓팝니다중고나라만원먹튀대징역년,Social
810,상품권콘서트티켓팔아요만원먹튀한대징역년,Social
811,건물주에휴지값만원받아내고도웃지못한이유,Social
812,한파속전국곳곳에서화재잇따라,Social
813,최강한파에건설현장도비상년간미끄럼추락사명,Social
814,내일날씨서울아침최저도출근길한파계속,Social
815,제주공항운항재개대설강풍에출발지연속출,Social
816,대설특보지속제주공항운항점차정상화사전결항여편,Social
817,몸에폐그물감긴채제자리빙글아기돌고래석달째고통,Social
818,조끼입고계단소방관체력시험남녀기준같아진다,Social
819,강남구에서출산하면첫달최대만원받는다,Social
820,노출에담임얼굴합성하더니문제되자아동학대로역신고,Social
821,빼돌린정부보조금억대교육업체대표태국으로도주,Social
822,우리끝까지가보자년전이혼한전처스토킹한대,Social
823,엉덩이주물렀는데트레이너성추행무혐의왜,Social
824,미국치대유학보내줄게거짓말로만원뜯은대징역개월,Social
825,대장동재판일만에재개됐지만이재명재판부허가로오후퇴정,Social
826,서울영하도등전국종일영하권강추위충남호남제주많은눈,Social
827,폭설제주공항만명발묶였다모레까지전국칼바람,Social
828,이경규장도연등에출연료미지급기획사대표횡령으로집행유예,Social
829,최저영하도강추위폭설로항공기편결항,Social
830,인터넷와글와글일왕외동딸아이코공주취업한다,Social
831,콘서트티켓팔아요명에만원먹튀대의최후,Social
832,결혼앞둔여친회찔러살해숨진딸공개하며중형촉구한유족,Social
833,인터넷와글와글한소희나탈리포트먼과인증샷공개,Social
834,동대문구청압수수색청량리재개발특혜있었나띵동이슈배달,Social
835,서울낮기온도도강추위바람강해체감온도,Social
836,남편죽을수도신고출동하니집단마약,Social
837,학생들볼자신없어담임얼굴합성손가락욕신고했더니되레아동학대,Social
838,제주눈길미끄러져꽈당교통사고쾅명병원행,Social
839,차선변경알려준다며일부러거북이주행교통체증일으킨유튜버,Social
840,체감온도도깜짝놀란출근길모레아침까지전국이꽁꽁,Social
841,인터넷와글와글짧은머리유아인우울증앓았다,Social
842,나흘간눈폭탄제주도로도하늘바닷길도꽁꽁,Social
843,순직소방관딸위해생일파티열어준동료들,Social
844,가하사한조수표거짓말로억가로챈대,Social
845,화단에마약뒀다던지기하며가상화폐로거래한남성징역년,Social
846,남편추락사현장찾아온베트남아내원인규명사과요구,Social
847,현대위아작년해외서조억원규모등속조인트수주,Social
848,야근한직원에게별보러가자성희롱욕설일삼은삼바간부들,Social
849,인구줄테니의대증원안된다년입원일늘어날것,Social
850,매체북한김정은지시로통일대헌장기념탑철거,Social
851,콘서트티켓팔아요만원꿀꺽한대실형,Social
852,김용재판위증교사이재명캠프관계자명구속기한연장,Social
853,하지정맥류시술비부풀려억보험사기병원장브로커징역형,Social
854,경기화성야적장서불명중상,Social
855,전국한파피해계속항공기편결항수도계량기건동파,Social
856,출근길인터뷰전국혈액보유량뚝텅빈혈액저장고,Social
857,광주광산누적폭설순천도출근길한파사흘째,Social
858,위안부는자발적매춘류석춘전교수오늘심선고,Social
859,재난현장서순직한소방관딸위해생일파티열어준동료들,Social
860,수리중갑자기엘리베이터작동평택공사장서대추락사,Social
861,이선균수사보고서유출디스패치압수수색당했다,Social
862,강추위에발묶인한반도대설에교통사고도잇달아,Social
863,춘천스키숍서불천만원재산피해시민들대피소동,Social
864,반려견청년얼굴문부산도심들개포획은아직,Social
865,아침에한장추울때만찍을수있는사진,Social
866,정유라소개팅햄버거나눠먹었다니김남국진짜가지가지한다조롱,Social
867,끝을보자년전이혼한전처스토킹한대징역년,Social
868,이경규장도연수억원출연료못받아기획사대표횡령혐의집유,Social
869,중엉덩이아예주무르더라신고했지만무혐의처분이유는,Social
870,제주가얼어붙었다최강한파에하늘길바닷길출근길모두꽁꽁,Social
871,이슈분석이재명대장동재판출석했다중도퇴정,Social
872,월이후입국외국인부터개월이상거주해야피부양자자격,Social
873,이경규장도연억대출연료미지급기획사대표횡령혐의집유,Social
874,대관령아침체감온도영하도강원전역강추위,Social
875,대소녀룸카페데려가성폭행한대예비고이라고소개하더라,Social
876,한파속서울은평구아파트서불화성야적장서도화재,Social
877,아시아나밀린기내식대금항소포기억물게돼,Social
878,담임얼굴비키니몸에합성수업중손가락욕신고하자되레아동학대,Social
879,오늘도매서운출근길한파서울도춘천도,Social
880,현재도의사인력충분고령화로년에만입원일늘어날것,Social
881,미국치대보내줄게거짓말로수천만원뜯은대실형,Social
882,차별아닌가요단국대우수학생파격지원에학생반발,Social
883,재난로본광주전남대설상황은,Social
884,룸카페에살데려간대부모에저예비고거짓말,Social
885,결혼약속한여자친구흉기로회찔러살해한대감형받은이유,Social
886,의도치않은체중감소는암위험신호의사상담받아야,Social
887,광주전남사흘째폭설도로곳곳빙판길,Social
888,차량위쌓였던눈이흉기로쌓인눈꼭치우세요앵커리포트,Social
889,콘서트티켓팔아요만원꿀꺽대결국감방,Social
890,콘서트티켓싸게팝니다만원먹튀한대결국,Social
891,특보광주전남대설특보오전까지최고눈,Social
892,날씨출근길한파계속서울체감호남제주많은눈,Social
893,엉덩이움켜쥔트레이너성추행아니라니회원분통,Social
894,검찰백윤식허위고소혐의전연인불구속기소,Social
895,대북송금김성태년만에보석석방재판에서다드러날것,Social
896,원이라도벌어야이추위에도폐지줍는노인들,Social
897,서해안사흘째폭설강추위에도로도꽁꽁,Social
898,년전아내살해대재혼아내또살해임의로복약중단책임피해자에게돌려,Social
899,교수없어국가시험도못칠판창원문성대간호학과학생근심,Social
900,인공지능반려로봇으로중장년고독사막는다,Social
901,한파에발묶인여객기들오늘까지편결항,Social
902,재발잦은난소암꼼짝마피한방울로빠르게잡는다,Social
903,절반이겪은괴롭힘성희롱억대연봉대기업의민낯,Social
904,법원인사시즌돌입주요사건재판부교체주목,Social
905,못해먹겠네폭언성희롱일삼은바이오대기업간부들,Social
906,전국이꽁꽁한파칼바람에체감온도,Social
907,뉴스딱고향사랑기부제답례품비계삼겹살논란업체결국,Social
908,티켓판다더니만원꿀꺽대사기꾼실형,Social
909,사흘째제주섬꽁꽁항공편서서히운항재개전망,Social
910,신혼때전세라도부자구강남구에살아야할이유있네,Social
911,차가비틀거린다통영한밤추격전아찔,Social
912,화성야적장큰불한때대응단계밤사이곳곳화재,Social
913,눈치안보고쉴수있는유일한곳물티슈도얼린최강한파에쉼터찾는배달기사들,Social
914,만취운전자잡고보니년전사망어찌된일,Social
915,아침신문솎아보기윤한갈등봉합장면바라본조선일보와동아일보의차이,Social
916,이경규장도연출연료못받았다횡령혐의기획사대표집유,Social
917,돈만받고잠적콘서트티켓사기대실형,Social
918,출근늦어질라눈길교통혼잡우려에서두르는제주도민들,Social
919,북극발최강한파한랭질환등피해속출,Social
920,기후동행카드판매첫날부터인기누가쓰면이득,Social
921,고인척룸카페서미성년자성폭행한대가족이현장적발,Social
922,기후동행카드판매첫날부터인기누가쓰면이득,Social
923,남편죽을수도출동해보니서울평창동서집단마약,Social
924,은평구아파트화재여명대피강추위속화재잇따라,Social
925,경찰이선균수사유출의혹디스패치압수수색,Social
926,폄훼논란인천시의장불신임안처리불발,Social
927,혼자일주일에개나식품포장재가대다수,Social
928,제주도일째온통꽁꽁항공편운항확인필요,Social
929,올림픽대로서느릿느릿시속길막유튜버결국,Social
930,콘서트티켓판다며만원뜯어낸대사기꾼실형,Social
931,조끼입고종목소방관체력시험바뀐다,Social
932,사반제보가게천장무너지더니물콸콸순식간에물바다,Social
933,사반제보주변살피더니만원어치민어쓱인천생선절도범,Social
934,사반제보돈뜯어가던남친알고보니유부남피해여성명,Social
935,상품권티켓팔아요중고사기꾼만원꿀꺽,Social
936,이경규장도연억대출연료못받아기획사대표횡령혐의집유,Social
937,이경규장도연출연료미지급기획사대표횡령혐의유죄,Social
938,일요일도문연다노동환경악화우려,Social
939,딸남자친구예요룸카페에세데려가더니성범죄벌인그놈,Social
940,요란한소리나길래봤더니창원시민기겁한사연잇슈키워드,Social
941,옆집서누가싸워요출동한경찰경악잇슈키워드,Social
942,대북송금쌍방울김성태년만에보석석방,Social
943,설대목앞두고망연자실윤대통령적극돕겠다,Social
944,억범죄수익으로초호화생활만원권돈더미도발견,Social
945,명에콘서트티켓사기대징역년,Social
946,강동구경유타당성재확인국토부건의,Social
947,대여성이위험하다코로나유행후자살충동우울감경험최고치,Social
948,압구정롤스로이스사망사고가해자심선고,Social
949,굿클리닉무릎관절염자가골수줄기세포주사로수술최대한늦춘다,Social
950,기획사대표수억원꿀꺽믿는도끼에발등찍힌이경규,Social
951,굿모닝브리핑소방관체력시험남녀똑같이본다강인한체력이우선,Social
952,빨간불여성안전이별통보에전화메시지폭탄스토킹관대한법원,Social
953,영화친구모티브부산라이벌조폭들장례식장난투극끝무더기징역형,Social
954,결혼약속한동거차례찔러살해한대징역년유족분노,Social
955,서초구고시원화재로명대피강추위에전국곳곳화재,Social
956,우리아파트안전할까시멘트에물부으니충격적결과가최병성리포트,Social
957,최강한파폭설에항공기결항편바닷길도막혀,Social
958,일요일도문연다노동환경악화우려,Social
959,딸남자친구예요룸카페에세데려가더니성범죄벌인그놈,Social
960,요란한소리나길래봤더니창원시민기겁한사연잇슈키워드,Social
961,옆집서누가싸워요출동한경찰경악잇슈키워드,Social
962,대북송금쌍방울김성태년만에보석석방,Social
963,설대목앞두고망연자실윤대통령적극돕겠다,Social
964,억범죄수익으로초호화생활만원권돈더미도발견,Social
965,명에콘서트티켓사기대징역년,Social
966,강동구경유타당성재확인국토부건의,Social
967,대여성이위험하다코로나유행후자살충동우울감경험최고치,Social
968,압구정롤스로이스사망사고가해자심선고,Social
969,굿클리닉무릎관절염자가골수줄기세포주사로수술최대한늦춘다,Social
970,충북예비후보명후원회구성했지만공천탈락땐자동해산,Social
971,단원고스쿨닥터김은지원장세월호년명의기억,Social
972,나쁜보도를수사로응징할수있다는위험한착각,Social
973,호남지방대설특보이시각광주,Social
974,위안부는자발적매춘류석춘전교수재판년만에결론,Social
975,원심력알려줄게세학생빙빙돌리다가놓친강사,Social
976,눈풀린채비틀비틀평창동서집단마약남녀명송치,Social
977,왜우리화장실을쓰나휴지값만원받아내고도웃지못했다,Social
978,시간전국산이라더니설앞두고원산지주의보,Social
979,이선균협박명기소수사정보유출강제수사,Social
980,공지영내가아무것도모르고떠들어진중권에뒤늦은사과,Social
981,남편죽을수도신고에가보니비틀대는남녀들팔에주사자국,Social
982,마약혐의유아인측우울증오래앓아,Social
983,일시키고공사비못준다는원청건설업분쟁조정금급증,Social
984,부산도심들개출몰주의얼굴물려바늘꿰매기도,Social
985,조민홍삼전속모델됐다설앞두고한복입은깜짝근황공개,Social
986,이경규장도연억대출연료못받아기획사대표횡령,Social
987,알몸남성의난동집안에서발견된것은,Social
988,오늘아침신문짝퉁지뢰밭된직구삼성이어폰카카오키링까지,Social
989,결혼과꿈은후순위비혼자녀들이떠맡는노부모돌봄,Social
990,이선균수사정보유출의혹경찰언론사압수수색,Social
991,나랑친한가준수표억가로챈대항소심도징역형,Social
992,건강플러스가족의미래까지앗아가는형당뇨병이란,Social
993,검은머리짐승은거두는게양아버지말한마디에격분사건의재구성,Social
994,이선균협박억만원뜯은전직배우유흥업소여실장재판행,Social
995,설앞두고망연자실평생일군일터잿더미,Social
996,결혼앞둔여친회찔렀는데우발적유족엄벌촉구,Social
997,황색털에검은주둥이얼굴물렸다부산도심에들개출몰발칵,Social
998,더욱심화된상급종합병원빨대효과작년분기급여비점유율육박역대최고,Social
999,설앞두고망연자실특별재난지역검토,Social
1000,서울시의회파격저출생대책취지공감면밀한검토필요,Social
1001,광주전남소재건설사들잇따라법정관리신청,Social
1002,대체왜이런걸녹말이쑤시개튀김먹방유행무해할까,Social
1003,서울은평구아파트화재주민여명대피,Social
1004,예능인출연료미지급논란소속사대표횡령혐의로집유,Social
1005,거센눈보라에무더기결항뱃길도막혀,Social
1006,대북송금혐의김성태년만에보석석방,Social
1007,경찰이선균수사정보유출의혹인천청압수수색,Social
1008,집도일터도추워피할수없는강추위와사투벌이는서민들뉴스투데이,Social
1009,전문의칼럼아이고무릎아추운날씨에붓고아픈무릎,Social
1010,사흘째폭설이시각광주,Social
1011,수형자사회복귀돕는다는가족접견정작부부끼리는안된다,Social
1012,위안부는자발적매춘류석춘재판년만에결론,Social
1013,머리카락잘라라비난받은조규성장발이유가,Social
1014,인구줄테니의대증원안된다년입원일늘어날것,Social
1015,전라제주시간당눈소식아침영하도오늘날씨,Social
1016,월일이후입국외국인부터개월이상거주해야피부양자자격,Social
1017,박근혜정부문화계블랙리스트김기춘파기환송심오늘선고,Social
1018,단독엔화바꿔줄게요당근마켓거래후내계좌가막혔다,Social
1019,올림픽대로서시속로느릿느릿길막유튜버논란,Social
1020,파주집창촌폐쇄전쟁건축법위반강제철거여곳불꺼졌다,Social
1021,엉덩이움켜쥔쌤성추행아니라니회원분통,Social
1022,준비됐니버스기사가찍은세소년달리기영상화제,Social
1023,대법관추천합리공정성볼것사법신뢰찾아야,Social
1024,단독서울공립유초등교사명퇴년간최대교장년새배,Social
1025,잘나가던신촌이어쩌다년터줏대감롯데리아도떠났다,Social
1026,기술유출범잡는경찰승진은하늘의별따기,Social
1027,주호민부부아동학대로신고당했다주씨측모든주장은허위사실반박,Social
1028,대북송금혐의김성태보석석방재판서드러날것,Social
1029,김건희디올백수수의혹부터극적봉합까지타임라인,Social
1030,제보는요청해도촬영안하면무용지물현실맞게바뀌어야,Social
1031,서울에낑겨살기우리탓인가요꼬다리,Social
1032,법원이기술간첩키우는셈기밀빼간그놈들무슨판결받았나,Social
1033,정치인보다유튜버더믿음직중고등학생들의이유있는불신,Social
1034,합격하면수강료환급여대는왜안되나요,Social
1035,장례식장난투극신세기파칠성파줄줄이징역형,Social
1036,기술유출양형강화됐지만판결나와봐야알죠시큰둥한이유,Social
1037,도대체교통카드가몇개냐기후동행카드판매첫날시민들만나보니데일리안이간다,Social
1038,비행기못떠요폭설덮친제주공항편결항만여명발동동,Social
1039,광주중앙공원지구선분양검증시동사업급물살,Social
1040,이선균마약수사유출경찰언론사압수수색,Social
1041,이재명건강악화로대장동재판퇴정심기불편한이런상황재발않길,Social
1042,단독학부생만등록금동결대학원유학생이봉이냐반발확산,Social
1043,단독코인전문가행세하며수억갈취불법도박탕진한대구속기소,Social
1044,아홉살지능에멈춘엄마가아이지킬안전지대없나요,Social
1045,수술실켤까요묻지도않는병원안내문조차없는곳도,Social
1046,이원석검찰총장이보이지않는다광팔지않는타입이어서언론주목도낮을뿐,Social
1047,날씨전국강추위계속아침까지서쪽많은눈,Social
1048,과인연박성재법무장관후보자조직안정이룰까,Social
1049,룸카페데려가대딸에성범죄가족이현장적발,Social
1050,단독한달번전화고독사아니다죽어서도외면당한그들,Social
1051,경북의원이수원시민까지전화분노키우는무제한총선,Social
1052,단독반도체기술에넘겨도구속건줄줄이기각,Social
1053,원래이렇게만져요받던트레이너성추행무혐의분통,Social
1054,담뱃불화재매일건꼴실내흡연탓아파트화재도계속,Social
1055,중처법에중기줄폐업안전노동법전문가부담있겠지만과장말아야,Social
1056,결혼약속동거녀회찔러살해징역년에항소,Social
1057,르포정말우리같은설렁탕집도중대재해법적용받아요,Social
1058,곱창성지대구안지랑골목서상표권전쟁,Social
1059,단독명품시계매장하자리셀해줄게수원서억대사기사건수사,Social
1060,커지는학교휴대폰갈등교장들이인권위권고무시하는이유,Social
1061,비대면진료확대한달아픈아이편히진료처방약찾아삼만리,Social
1062,돼지머리무혐의에공사중단까지이슬람사원안갯속,Social
1063,매일세차례나아이학교찾아가주사놓는부모가슴피멍듭니다,Social
1064,단독유령법인세워채갭투자한부부결국검찰행,Social
1065,법무장관후보지명된박성재법무검찰조직다잡기나서나,Social
1066,서울영하도출근길제주폭설오늘날씨,Social
1067,이발하러가도예약손님만받아요헛걸음하는어르신들,Social
1068,원만계좌번호올리는온라인거지비난쇄도,Social
1069,전청조혐의부인한적없어피해회복도안됐는데그런말한다고상처아물까,Social
1070,유부남집장롱에숨은귀가한아내와몸싸움,Social
1071,단독재범우려관리대상명거처만옮겨도감시망피한다,Social
1072,핫코너이젠졸업식때나입는교복,Social
1073,말로만듣던한국김해외바이어줄섰다,Social
1074,우크라출신미인대회우승일본내논란,Social
1075,바지두개껴입고청소영하도언손으로새벽여는사람들,Social
1076,막장전북교육감사건폭행위증에판사논란까지반전의연속,Social
1077,베링해한파서울체감영하도제주엔만여명발묶여,Social
1078,체감수도관터졌어요눈뜨자난리뜨거운물부으면안돼,Social
1079,헬스트레이너가엉덩이주물러성추행신고했지만무혐의,Social
1080,도심서야생들개가얼굴물려응급수술,Social
1081,압구정롤스로이스뺑소니사건가해자오늘심선고,Social
1082,이선균수사정보유출의혹인천경찰언론사압수수색,Social
1083,눈보라몰아친제주만명발묶였다,Social
1084,대고인척미성년자만나룸카페서성범죄가족들이현장잡았다,Social
1085,푸바오대한항공타고갈줄알았는데에어차이나이용왜,Social
1086,오토바이타고가던중신호위반차에치여다리절단하게된사연,Social
1087,청주시장시립무용단객원안무자낙점은월권,Social
1088,룸카페서대에게성범죄한대가족들이현장잡았다,Social
1089,현장잇슈갤럭시통역기들고명동거리나갔습니다꽤쓸만한데이거,Social
1090,날무시해아내살해뒤성폭행현장으로둔갑시켰다그해오늘,Social
1091,오징어틈새로흰색가루가태국서필로폰밀수한대실형,Social
1092,한달도안돼또가스누출평창폭발사고동일업체,Social
1093,빙하기왔나수도얼어터지고차량방전긴급출동속출,Social
1094,오래된미래강원노포탐방철원길목해물칼국수,Social
1095,여기가한국무서워요대학가점령한중국식상점,Social
1096,청소년형당뇨가족들높은의료비에의사노릇까지,Social
1097,숨진채발견된대간호사고위험약물주사기발견,Social
1098,한복차려입은조민저홍삼모델됐어요,Social
1099,종합병원간호사숨진채발견현장엔약물주사기,Social
1100,유령노조삭제하니년만에조합원첫감소,Social
1101,민원사주개인정보유출경찰수사속도차균형깨졌다,Social
1102,구청홍보영상맞아서울에도충주맨있다,Social
1103,결혼과이혼아이앞에서이혼요구한남편아이는남몰래훌쩍,Social
1104,둘째아이가질때가고비일곱째낳은지금더행복,Social
1105,샌드위치패널건물피해커져상인들설앞두고날벼락,Social
1106,기가중앙선넘나드는음주운전차량년전죽은사람,Social
1107,게껍데기야양념치킨속수상한이물질점주는문자읽고무시,Social
1108,일년에열번도안입고버려지는교복자원낭비,Social
1109,는저희회사와어울리지않네요차라리관상봐라구직자분통,Social
1110,여성만달성불가능한기준제시는승진차별,Social
1111,신의구원받아야중증장애인동생치료거부하고방치한누나,Social
1112,결혼앞둔여친회찔러살해유족징역년에분노,Social
1113,윤대통령여권방심위원만위촉민주당대통령고발검토,Social
1114,대학대신공무원될래요공무원떠난빈자리대잘파희망이채운다,Social
1115,보석석방된쌍방울김성태성실히재판임할것,Social
1116,언론사주일제기자에겐그림의떡,Social
1117,먹튀사건의지능화계산안하고도망강사아닌노숙자였다,Social
1118,기자협회이달의기자상어느덧회,Social
1119,기후동행카드판매첫날부터인기누가쓰면이득,Social
1120,단독청량리재개발비리동대문구청압수수색공무원불법특혜분양,Social
1121,년만에석방된쌍방울김성태재판에서다드러날것,Social
1122,아시아나기내식대금소송항소취하소송전년만에일단락,Social
1123,비언론계전진배치포털제휴지각변동오나,Social
1124,희망퇴직신청목표치남짓,Social
1125,중엉덩이를움켜쥐었다헬스장성추행논란다른트레이너판단은,Social
1126,국민의힘청주청원흥덕서원전략공천가능,Social
1127,달아오르는총선의계절정치라이브가겨울잠깨운다,Social
1128,북극발최강한파한랭질환사망동파강풍피해속출,Social
1129,생필품중고로사는친구자신이새것살때마다가스라이팅사연은,Social
1130,화재감지됐어도속절없이활활점포곳전소,Social
1131,최대더온다밤사이가폭설고비,Social
1132,새해맞이단식주해보니눈이밥알처럼내리는구나,Social
1133,유부품은빨간색서울식추탕먹다보면등줄기에땀이쫙,Social
1134,설에팔조기문어배들여놨는데서천시장상인들망연자실,Social
1135,올림픽대로에서느림보주행안전운전일뿐해명,Social
1136,고속도로에서얼음판날아와앞유리와장창어떤상황인지보니,Social
1137,친형살해년만에자수징역년에검찰피고인쌍방항소,Social
1138,이젠안녕네살된푸바오월초돌아간다,Social
1139,조국한동훈딸의혹내딸처럼수사해야공정한것,Social
1140,이선균수사정보유출의혹인천청압수수색언론사도포함,Social
1141,엉덩이움켜쥐고주물렀다헬스트레이너성추행신고했지만무혐의왜,Social
1142,현직치안감등명구속영장뇌물주고받은혐의,Social
1143,충남서천수산물특화시장큰불상인들은망연자실,Social
1144,년전아내살해했던대재혼한아내또살해징역년,Social
1145,적자억에직원월급도밀릴뻔제주대병원무슨일,Social
1146,박정규의작살해외출장인데비행기떠날때까지아무도몰랐다이민근안산시장두바이잠행뒤늦게재조명,Social
1147,남편죽을수도있어신고에출동했더니서울평창동서집단마약사사건건,Social
1148,한국사회가족조차외면한무연고사망증가한편에선개장례식에재까지,Social
1149,여성보육사남자중학생그루밍성폭행보육원아이들가성폭행당해,Social
1150,엄경아신영증권연구위원의간큰매도보고서보이는대로소신말한것,Social
1151,미스일본에우크라출신귀화인일부정서적거부감표출,Social
1152,기후동행카드판매첫날부터인기누가쓰면이득,Social
1153,대룸카페서미성년자에성범죄가족이현장덮쳐,Social
1154,납치당했다신고미출동유족억원대소송,Social
1155,무거운습설에한파강풍까지시설물붕괴동파걱정태산,Social
1156,수첩대통령과거부권사라지는협치,Social
1157,폭설강풍에제주공항무더기결항만여명발묶여,Social
1158,윤정호의오늘충북대의어머니,Social
1159,일년에열번도안입고버려지는교복자원낭비,Social
1160,설앞두고망연자실평생일군일터잿더미,Social
1161,남편추락사현장찾아온베트남아내원인규명사과요구,Social
1162,무인매장서바지내리더니로지켜본점주의분노,Social
1163,육아도맡아하는데출산휴가쓴아내남편돈타령때문에고충토로한사연,Social
1164,애써따낸국고보조금매년수백억반납,Social
1165,충북전역한파특보강추위절정,Social
1166,밀린기내식대금소송년만에종결억물어야,Social
1167,모바일상품권쓰면상차림비추가소비자골탕먹이는프랜차이즈,Social
1168,재난안전지도이시각전북대설상황은,Social
1169,부르는게값동물병원진료비공개소비자환영수의사반발,Social
1170,대장동재판출석한이재명몸상태악화로오후퇴정,Social
1171,보석석방된김성태이재명연관성묻자재판서드러날것,Social
1172,원이라도벌어야이추위에도폐지줍는노인들,Social
1173,초등학교에서흡연유해성배워온딸아빠담배끊어내기위해단식투쟁선언,Social
1174,제주공항결항속출만명발묶여여객선척도스톱,Social
1175,최대더온다밤사이가폭설고비,Social
1176,혹한날씨에도밤새염원한이태원특별법,Social
1177,잿더미로변한서천시장상인들곧설인데막막,Social
1178,서울한복판서집단마약철제상자엔필로폰주사기,Social
1179,대북송금혐의김성태석방이재명질문엔재판서드러날것,Social
1180,폭설강풍에막힌제주하늘길여편무더기결항,Social
1181,북극한파물러나자대륙한파덮쳤다내일도출근길영하도,Social
1182,번호판타고운전자누군지몰라교각충돌뒤불길휩싸인전기차,Social
1183,설앞두고망연자실평생일군일터잿더미,Social
1184,서울모든저출생정책서소득기준폐지시의회파격제안,Social
1185,화재감지됐어도속절없이활활점포곳전소,Social
1186,법무장관에특수통박성재김건희수사통제용,Social
1187,쪼인트폭행조합원복직요구울산화물연대운송거부에억손해,Social
1188,경남공무원노조시간노동에만원선거사무강제동원그만,Social
1189,활주로폐쇄까지여편결항발묶인제주,Social
1190,얼굴물려바늘꿰맸다부산한복판야생들개어슬렁,Social
1191,이정섭검사비위의혹폭로한처남댁강미정휴대전화포렌식자료제출,Social
1192,마늘먹는푸굴따는모아나롯데마트의콜라보본전뽑기미드나잇이슈,Social
1193,식당찾은손님외부에서사온오렌지껍질알바생에게까달라고부탁한사연,Social
1194,방심위방송소위서의견진술결정,Social
1195,내복겹방석개양초켜놓고장사추위속일하는사람들,Social
1196,단독청도특혜의혹조형물기증작품설치부터의혹,Social
1197,수학대회서오픈제쳤다국가대표라운지,Social
1198,쌍방울김성태년만에보석석방성실히재판에임하겠다,Social
1199,예비신부살해징역년유족분만에자수계획적,Social
1200,만달러대북송금혐의김성태전쌍방울회장보석석방,Social
1201,이철규명품백실체는몰카공작반환하면국고횡령,Social
1202,대베트남가장의무너진코리안드림반년만에입국한유족은망연자실,Social
1203,정부단통법폐지우리는호갱이되지않을수있을까,Social
1204,남자우대아냐강인한체력소방관필수요건소방공무원체력시험남녀동일기준적용,Social
1205,음료서비스줬더니애당뇨걸려제로콜라없어소리지른손님,Social
1206,결혼약속한여자친구흉기로회찔러살해,Social
1207,단독배달의민족배달취소피해업주에전가알고리즘변경논란,Social
1208,년만에보석석방된쌍방울김성태성실히재판에임할것,Social
1209,이석현갈등은한동훈한판승최대피해자는이준석신당뉴스와이드,Social
1210,안부물으려공유한연락망강서구아파트화재참사막았다,Social
1211,이선균수사보고서그대로인천경찰디스패치압수수색,Social
1212,외국인노동자의비닐하우스나기온열기하나로버텨요,Social
1213,신생아느는데의료인력도시스템도부족풀영상,Social
1214,만달러대북송금혐의김성태쌍방울전회장보석석방,Social
1215,종로구신축공사장높이서인부명추락명사망,Social
1216,나대치동수학강사야술값만원먹튀한손님은노숙자,Social
1217,고등학생이랬는데미성년인척살에게접근해성폭행한대,Social
1218,홍삼모델발탁된조민초등학교이후한복처음,Social
1219,울면서빌었어요직접병원찾아나선고위험임신부,Social
1220,평창가스누출사고잊었나업체또다시가스누출,Social
1221,새벽별보러가자성희롱욕설일삼은삼성바이오로직스간부들,Social
1222,단독사진합성에욕까지교권피해신고했더니황당,Social
1223,교각들이받은전기차순식간에활활출근하던운전자숨져,Social
1224,검찰대림역흉기난동예고대심집행유예에항소,Social
1225,대북송금혐의김성태전쌍방울회장보석으로석방종합,Social
1226,결혼하고싶지만자만추쉽지않아요지방청년들의하소연,Social
1227,고이선균수사정보유출의혹인천경찰언론사압수수색,Social
1228,년연장확정한날에부역자선별하겠다는김광동,Social
1229,전국냉동고추위왜북극한파내려오는고속도로뚫렸다,Social
1230,눈폭탄에하늘길뱃길끊겼는데최고더온다,Social
1231,설대목앞두고날벼락윤대통령특별재난지역검토,Social
1232,주말엔그나마젊은사람나왔는데대형마트공휴일휴무폐지시민반응은,Social
1233,이러다큰일폐그물에걸린새끼돌고래이상행동나타나,Social
1234,강풍타고불씨번져개점포재로만든구조까지,Social
1235,평창동서남녀여럿눈풀려비틀비틀팔에마약주사자국있었다,Social
1236,결혼약속한여친회찔러살해했는데겨우년형유족분노,Social
1237,사상첫검사탄핵소추안늑장변론시작,Social
1238,사장님나빠요악몽에갇힌이주노동자집중취재,Social
1239,고기인지지우개인지논란터진비계폭탄삼겹살업체결국잘렸다,Social
1240,엉뚱한이유로불신임안셀프거부허식사퇴지시없었다,Social
1241,눈보라로무더기결항제주공항에만명발묶였다,Social
1242,일만에재개된대장동재판이재명중도퇴정,Social
1243,법무장관에박성재전고검장사퇴파동뒤조직동요차단,Social
1244,호남제주이틀째대설특보내일까지눈더온다,Social
1245,채상병사건의혹많지만수장공백에수사동력약화우려,Social
1246,불꽃튀더니삽시간에활활서천시장화재영상보니,Social
1247,이선균공갈피의자기소수사정보유출의혹강제수사,Social
1248,여직원몸만지고야근도중별보러가자성희롱실태,Social
1249,난대치동강사오늘쏜다만원먹튀알고보니노숙자,Social
1250,여야대방심위회의에서사라진류희림위원장민원사주의혹,Social
1251,다시간다흉물된도심폐교다른쓰임새도난망,Social
1252,억원대횡령혐의김성태쌍방울회장보석석방,Social
1253,녹말이쑤시개튀김먹방유행식약처먹지마세요,Social
1254,미성년자룸카페데려가성범죄저지른대에구속영장신청,Social
1255,날씨전국강추위지속아침최저기온도,Social
1256,제주오가는하늘길모두막혀만여명발묶여,Social
1257,발목잘릴듯한추위체감온도영하도계량기동파도잇따라,Social
1258,뉴스프라임누가이선균수사정보흘렸나경찰언론사압수수색,Social
1259,설대목앞두고상인들망연자실평생일군터전이잿더미로,Social
1260,뉴스레터충주시홍보맨김선태용산행제의온다면긍정적으로고려,Social
1261,층에서불빛번쩍이더니순식간에서천시장화재로점포곳잿더미,Social
1262,배우백윤식전연인무고혐의로재판행,Social
1263,뉴스추적배민에내는광고비만매달만원정작배달은늦다,Social
1264,단독집안에마약금고까지두고마약파티,Social
1265,유아인우울증앓아프로포폴투약은인정,Social
1266,대림동서칼춤추겠다대집행유예반성없어검찰항소,Social
1267,경찰청량리재개발비리의혹동대문구청압수수색,Social
1268,밤시회의분컷실패에무더기경위서부시장도지각,Social
1269,서천시장화재로점포곳잿더미상인들망연자실,Social
1270,괴한에게인종차별폭행당했는데외교부답변에한숨,Social
1271,적자억에직원월급도밀릴뻔제주대병원무슨일,Social
1272,한달에세번누출사고모두한업체,Social
1273,눈속에파묻힌호남서해안내일까지더내린다,Social
1274,친절한오영훈지사선거법위반유죄만원판결의의미는,Social
1275,아내가돈벌어생활해열등감있던남편대출거부하자살해징역년,Social
1276,북극한파에서울체감도전국꽁꽁이번주내내강추위,Social
1277,곗돈돌려막기로억꿀꺽한대여성광양일대발칵,Social
1278,땅팠더니유물우르르공사전면취소해야,Social
1279,고속철도신칸센정전사고로대규모운행중단,Social
1280,윤대통령법무장관후보박성재내정조직안정방점,Social
1281,납치당했다신고미출동유족억원대소송,Social
1282,유동규이재명선거공약내가주도적설계,Social
1283,만달러대북송금혐의김성태쌍방울전회장보석석방,Social
1284,청량리구역재개발비리관련동대문구청압수수색,Social
1285,진실화해위년연장진실규명률높여야종합,Social
1286,폭설강풍에발묶인제주공항편결항,Social
1287,시청자위인수위출신등합류,Social
1288,검찰고가매입의혹박성빈전스파크대표소환,Social
1289,남편추락사현장찾아온베트남아내원인규명사과요구,Social
1290,화재감지됐어도속절없이활활점포곳전소,Social
1291,설앞두고망연자실평생일군일터잿더미,Social
1292,의사늘어도진료비상승미미의사단체반박토론하자,Social
1293,단독바리캉폭행가해자억대기습공탁피해자감형시도,Social
1294,검찰대림역흉기난동예고집행유예판결에항소,Social
1295,남편죽을것같아요남녀명평창동빌라서집단마약체포,Social
1296,북극냉기에전국한파폭설강풍제주항공편무더기결항,Social
1297,떳떳해지고싶다전청조주장에재판장단어사용생각좀,Social
1298,이쑤시개튀겼더니스낵처럼바삭레시피유행에식약처안전성검증된바없어,Social
1299,계량기터지고항공기편결항최강한파피해속출종합,Social
1300,일년에열번도안입고버려지는교복자원낭비,Social
1301,폭설강풍에막힌제주하늘길여편무더기결항,Social
1302,승객줄고운수업체재정난서울에도스타리아마을버스,Social
1303,년전다툼이살인까지중학교후배살해한대중형확정,Social
1304,분만에떠난왜왔나서천시장상인들분노,Social
1305,사진찍으러왔냐한동훈못만난상인들불만폭발,Social
1306,최강한파에전국이꽁꽁계량기수도관동파되고하늘길뱃길끊겨,Social
1307,만달러대북송금김성태쌍방울회장보석석방,Social
1308,소방관체력시험남녀지원자에동일한평가기준적용,Social
1309,포스코호화이사회의혹고발인조사사외이사들물러나야,Social
1310,이재명대장동재판출석했다몸상태악화로퇴정검찰불편한기색,Social
1311,호남제주내일까지폭설최대,Social
1312,범대본문대통령고발관련친문국회의원들과대립각,Social
1313,재난안전지도이시각전북대설상황은,Social
1314,고온한파눈대신비이례적인겨울,Social
1315,김주하앵커가전하는월일뉴스주요뉴스,Social
1316,세종생활권외곽순환도로개통효과뚜렷도심정체줄었다,Social
1317,충북전역한파특보강추위절정,Social
1318,전북개시군대설특보내일까지넘는눈,Social
1319,판다푸바오환송행사준비하는에버랜드,Social
1320,차세대퀸예약조민화장품이어홍삼광고도접수,Social
1321,폄훼논란허식인천시의장불신임불발본인이상정거부,Social
1322,년부터소방관체력시험남녀동일기준적용,Social
1323,평택아파트공사장서엘리베이터수리기사추락사,Social
1324,어른주먹보다작은아기더살려야,Social
1325,일터에서개씨삼바직원절반괴롭힘성희롱직간접경험,Social
1326,트레이너가움켜쥐고주물러성추행신고했지만무혐의,Social
1327,강풍폭설몰아친제주공항마비여편결항에승객만명발묶여,Social
1328,카카오와시세조종공모사모펀드운용사검찰송치,Social
1329,명대출산율에서울시의회저출생정책소득기준폐지제안,Social
1330,대설대책회의늑장대처충주시간부무더기경위서,Social
1331,검찰배우백윤식연인무고혐의로불구속기소,Social
1332,서천특화시장피해상인들대통령에들여다보지않고보여주기식비난,Social
1333,이재명대장동재판몸상태악화로오후퇴정재판부출석은원칙,Social
1334,검찰현직치안감뇌물수수혐의로구속영장,Social
1335,고발사주조성은입당원서장위조혐의재판행,Social
1336,청부민원윤석열이완성한대방심위대통령욕설논란보도징계예고,Social
1337,매일아이몸에번주사형당뇨가족의눈물,Social
1338,영화관화장실에다른층손님이우르르법원에휴지값돌려줘라,Social
1339,대출대가로수억원챙긴전신협임직원기소,Social
1340,이선균사건경찰언론비판디스패치압수수색,Social
1341,청부민원셀프연봉인상류희림하루만에들통난거짓말,Social
1342,명대출산율에서울시의회저출생정책소득기준폐지제안종합보,Social
1343,평택아파트신축공사장서대작업자추락사,Social
1344,동호회서친분편의제공뒷돈챙긴전신협간부명기소,Social
1345,부산대총장선거후보명등록선거운동본격화,Social
1346,엎친극강한파에덮친거센바람부울경이시렸다,Social
1347,룸카페데려가대딸에성범죄대가족이현장잡았다,Social
1348,줄지않는노동자죽음모호한법손질시급,Social
1349,악성저성과자해고는정당기업고용유연성인정한대법,Social
1350,대북송금이화영재판지연에김성태년만보석으로석방,Social
1351,자막뉴스아무리치워도치워도습설퍼붓더니또악재,Social
1352,포항지진범대본시민단체겁박하는국회의원제명퇴출시켜라,Social
1353,한파대설몰아친제주항공편무더기결항사고속출,Social
1354,행복한판생응원할게푸바오월초한국떠난다,Social
1355,무기징역도억울했나등산로살인최윤종피해자때문에살인자됐다,Social
1356,이선균협박범명기소수사한인천경찰압수수색당해,Social
1357,단독청량리재개발비리동대문구청압수수색공무원불법특혜분양,Social
1358,대구이슬람사원옹호단체검찰의돼지머리무혐의결정은안일한인식,Social
1359,개인원래이렇게해요성추행논란살펴보니,Social
1360,추락사한베트남노동자아내국내서원청에사과요구,Social
1361,대대딸과룸카페서가족이범행현장덮쳤다,Social
1362,눈보라휘날리는제주공항여편무더기결항만여명발동동,Social
1363,신종마약못잡는다수영장에떨어진물질한방울도검출마약중독과싸우는사람들,Social
1364,사치빠져사기범죄까지구청장딸빚돌려막기하다이지경,Social
1365,대전한전기술원설본부김천이전설에반발확산총선앞두고정쟁거리전락논란,Social
1366,김종구주몽골대사고발사주조성은입당원서조작혐의로기소,Social
1367,제주공항항공편무더기결항폭설에갇힌호남제주,Social
1368,특보광주전남대설특보여객선항공편결항,Social
1369,너희들이젠고마해라영화친구조폭들장례식장서둔기들고난투극,Social
1370,수원평택서억규모전세사기의혹피해자명,Social
1371,국민환자볼모단체행동위협한의사단체정부엄단,Social
1372,만달러대북송금의혹김성태전쌍방울회장년만에석방,Social
1373,강추위속위기의배달노동자한랭질환비상,Social
1374,충남서천수산물특화시장큰불상인들은망연자실,Social
1375,논란의녹말이쑤시개튀김식약처먹는것아니다,Social
1376,한동훈후임법무장관에돌연박성재지명살아있는권력수사통제강화,Social
1377,년된자운대노후시설개선유휴부지개발해야계룡스파텔전철밟을우려도,Social
1378,튀기면다맛있다녹말이쑤시개식품아닙니다식약처긴급경고한이유,Social
1379,폭설이어강추위청소년올림픽방한총력,Social
1380,유령노조걸러냈더니조합원수년만에줄었다,Social
1381,차량보행자빙판길사고잇따라최강한파에전국서피해속출,Social
1382,검찰대림역칼부림예고글대집행유예에항소,Social
1383,마약사범감형수단이던던지기지금은비대면마약거래통칭김동규의마약스톱,Social
1384,새카맣게탄서천시장설대목앞둔상인들망연자실,Social
1385,본인예비신부번찔러살해한예랑이징역년,Social
1386,푸바오월중국으로떠난다월초까지만일반공개지금이뉴스,Social
1387,이쑤시개튀김먹방에발칵식약처과섭취땐구토설사,Social
1388,폭설강풍에막힌하늘길여편결항,Social
1389,반포재건축조합원에억여원뿌린현대건설심서벌금형,Social
1390,봉화사고겪고도또울진텅스텐광산사고로명숨져,Social
1391,정치인변호사다음많다교육계인사들속속총선채비,Social
1392,체감영하도강추위에도먹고사느라버티는야외노동자들,Social
1393,수요일일낮에도영하권강추위최저꽁꽁,Social
1394,불법대북송금혐의김성태쌍방울전회장보석석방,Social
1395,단독경찰인사청탁의혹현직치안감구속영장청구,Social
1396,유령조합원빼니양대노총만명줄었다,Social
1397,유령조합원빼니양대노총만명줄었다,Social
1398,수원평택서억원대전세사기고소,Social
1399,대행체제예상깨고법무부장관후보지명한대통령왜,Social
1400,구미봉곡동의한중학교서화재직원명연기흡입부상,Social
1401,자루가아래로뚝대작업자사망,Social
1402,회복에년걸려이혼후신용불량자되었던서정희김명준의뉴스파이터,Social
1403,설대목앞둔엄동설한에어떡하라고억장이무너져요,Social
1404,대만정당가입허용한국공무원정치활동제약과해,Social
1405,단독사라진세종대왕태실핵심유물반세기만에귀환리포트,Social
1406,손덜덜난치질환파킨슨바이오신약개발도전장,Social
1407,식품회사횡령으로김수미모자고소김수미측연예인망신주기김명준의뉴스파이터,Social
1408,남편죽을수있다서울평창동서남녀명집단마약팔뚝에주삿바늘흔적,Social
1409,한달도안됐는데강원평창서또가스누출사고,Social
1410,만달러대북송금김성태전쌍방울그룹회장보석으로풀려난다,Social
1411,서천화재현장서만난윤대통령과한동훈김명준의뉴스파이터,Social
1412,국민판다푸바오출국일나왔다월초쓰촨성으로,Social
1413,고향사랑기부제답례품삼겹살비계가절반결국업체협약종료,Social
1414,올림픽대로서느릿느릿시속길막주행유튜버논란,Social
1415,경북도내중학교노래방서불잇따라발생명연기흡입,Social
1416,카카오와시세조종공모한사모펀드운용사검찰송치,Social
1417,서울한복판서필로폰투약한남녀명검거,Social
1418,경찰지자체에악성민원만건폭탄세례부산민원왕구속,Social
1419,서민위이재명헬기이송고발이어김어준명예훼손혐의로고소,Social
1420,프로필박성재법무장관후보자과막역한검찰선배종합,Social
1421,단독돈문제는출산걸림돌아냐계룡남매부부의행복영상,Social
1422,씨리얼스물여섯이지만이장입니다완도토박이고요,Social
1423,전공의의대증원반대복지부불법행위엄정대응,Social
1424,대북송금혐의김성태전쌍방울회장보석석방,Social
1425,대설대책회의지각충주시간부공무원무더기경위서,Social
1426,곗돈돌려막기억원가로챈대구속송치,Social
1427,단독식품기금심사위원에외식업대표구의원이이해충돌논란,Social
1428,대치동강사라더니노숙자술값만원먹튀누가받아주겠나,Social
1429,종로구공사장서인부명추락명사망,Social
1430,희망퇴직위해임금반납하라직원들한전망했다부글,Social
1431,녹말이쑤시개튀김유행식약처긴급경고,Social
1432,마트에서오른맥주식당에서나올랐다,Social
1433,이쑤시개튀겨먹자서열풍홍윤화도푹빠졌다,Social
1434,이선균협박억만원뜯은대여성명기소,Social
1435,인프라가수요를창출한다달빛철도가만들어낼변화상은,Social
1436,엔터시세조종가담혐의검찰사모펀드운용사본격수사,Social
1437,서울한복판서필로폰투약한남녀명검거,Social
1438,경찰지자체에악성민원만건폭탄세례부산민원왕구속,Social
1439,서민위이재명헬기이송고발이어김어준명예훼손혐의로고소,Social
1440,프로필박성재법무장관후보자과막역한검찰선배종합,Social
1441,단독돈문제는출산걸림돌아냐계룡남매부부의행복영상,Social
1442,씨리얼스물여섯이지만이장입니다완도토박이고요,Social
1443,전공의의대증원반대복지부불법행위엄정대응,Social
1444,대북송금혐의김성태전쌍방울회장보석석방,Social
1445,대설대책회의지각충주시간부공무원무더기경위서,Social
1446,곗돈돌려막기억원가로챈대구속송치,Social
1447,단독식품기금심사위원에외식업대표구의원이이해충돌논란,Social
1448,대치동강사라더니노숙자술값만원먹튀누가받아주겠나,Social
1449,종로구공사장서인부명추락명사망,Social
1450,희망퇴직위해임금반납하라직원들한전망했다부글,Social
1451,녹말이쑤시개튀김유행식약처긴급경고,Social
1452,마트에서오른맥주식당에서나올랐다,Social
1453,이쑤시개튀겨먹자서열풍홍윤화도푹빠졌다,Social
1454,이선균협박억만원뜯은대여성명기소,Social
1455,불법대북송금김성태쌍방울회장보석석방,Social
1456,최문순전강원도지사업무상배임등혐의로경찰조사받아,Social
1457,돼지머리무혐의로억울함풀려이슬람혐오막아야종합,Social
1458,달성군지표조사도없이도로공사선사시대유적다수훼손의혹,Social
1459,만달러대북송금혐의김성태보석석방,Social
1460,민간인에간첩누명씌워이중스파이만든방첩사역용공작드러났다,Social
1461,기기손못떼는학생들수학성적뚝,Social
1462,카시트장착엄마아빠택시오늘부터서울전역운행,Social
1463,자막뉴스활주로폐쇄까지여편결항발묶인제주,Social
1464,울릉도설국으로변신이틀간넘는폭설내려,Social
1465,이건시작일뿐쉬는일요일사라지는마트에노동계반발,Social
1466,대북송금혐의김성태쌍방울전회장보석석방,Social
1467,승리해외행사서지드래곤데리고오겠다발언에아직도빅뱅팔이비판,Social
1468,날씨내일도한파에강풍제주호남충남대설,Social
1469,수원평택서억원대전세사기의혹경찰수사중,Social
1470,김해한공장서자루에깔린대사망,Social
1471,이광재현정부가국민외면받는것은먹고살기힘들어서,Social
1472,영상나여기도착아닌데옆나라에서착륙을원전멈추고기차멈추고일상이마비겨울폭풍이유럽을덮쳤습니다,Social
1473,승객못보고치어숨지게한대버스기사만원벌금형,Social
1474,룸카페서미성년자와성범죄대가족들이현장잡았다,Social
1475,만달러대북송금혐의김성태쌍방울전회장보석석방,Social
1476,한국반납공사라불러달라한전직원들이뿔난이유,Social
1477,태국서오징어사이에필로폰감춰반입하려한대실형,Social
1478,푸바오잘가월귀환월초까지일반공개,Social
1479,총선출마여지남긴이낙연광주전남이삭줍기나서나,Social
1480,삼바간부들못해먹겠네새벽별보러가자폭언성희롱일삼아,Social
1481,송영길옥중창당선언가칭정치검찰해체당,Social
1482,년간함께산배우자살해한대징역년확정,Social
1483,철새낙원에드론띄운남성찍지말라하자하는말,Social
1484,김태흠지사윤대통령에서천특화시장재건억지원요청,Social
1485,에버랜드자이언트판다푸바오월초중국귀환,Social
1486,김해한공장서플라스틱자루에깔려대사망,Social
1487,남편죽을수도신고에출동했더니빌라엔성인남녀명비틀비틀,Social
1488,제노조뉴스데스크신났다디올백선전앞장선기자들미디어브리핑,Social
1489,소방관채용시험때남녀동일하게체력평가한다,Social
1490,장례식장난투극벌인부산양대폭력조직조직원들징역형,Social
1491,광안리대첩영광되찾으려면게임단게임사상생위한생태계만들어야,Social
1492,첫치료제나온다바이오도출격,Social
1493,평택아파트신축현장서작업자추락사경찰노동부조사,Social
1494,한전기술원자로설계본부김천이전대전시는뭐했나,Social
1495,무인점포속용변테러직접잡겠다점주분노,Social
1496,없는살림에흉물로덩그러니광주신양파크호텔혈세낭비논란,Social
1497,서천특화시장화마키운소방설비불길치솟는데감지늦어종합,Social
1498,청소년선수촌에이것뿌렸더니대회폐지해라학부모들발칵,Social
1499,김수미횡령이라니우리가피해자명예훼손책임물을것,Social
1500,순직소방관딸위해생일파티열어준동료소방관들,Social
1501,몸아프다이재명대장동재판조기퇴정,Social
1502,가정폭력의심출동했더니서울평창동빌라서집단마약,Social
1503,광주시중앙공원지구선분양검토방침에시민단체특혜반발,Social
1504,유령노조걸러내니노조조합원수년만에처음꺾였다,Social
1505,남편죽을수도경찰출동하니수상한남녀명팔뚝엔,Social
1506,온실가스위오명충남탄소중립앞당긴다,Social
1507,의대증원반발전공의집단행동논의에보건복지부유감표명,Social
1508,지자체들지역건설사살리기안간힘,Social
1509,서울기후동행카드불티반나절만만천장판매,Social
1510,최대폭설광주전남서빙판길교통낙상사고잇따라,Social
1511,최춘식의원제순환고속도로포천남양주내달일개통,Social
1512,스브스픽한전힘드니임금반납하라거절하면인사불이익,Social
1513,창원문성대간호학과교수부족사태에폐과위기,Social
1514,초미니마을버스서울도등장하차벨없는스타리아투입왜,Social
1515,내일날씨전국하늘맑음아침최저도,Social
1516,단독이정섭검사처남댁휴대폰포렌식자료제출수뢰죄해당여지,Social
1517,친형살해년만에자수징역년불복쌍방항소,Social
1518,제주도이상폭설아침도극한한파내일날씨,Social
1519,자막뉴스내일도표가없대눈보라에고립된사람들탄식,Social
1520,서천시장찾아신속지원약속일부상인불만도,Social
1521,단독코인관련자행세해사기쳐불법도박탕진대구속기소,Social
1522,만달러대북송금쌍방울김성태전회장보석허가,Social
1523,교수단체무전공확대중단해야대학서열화굳혀,Social
1524,반포주공재건축금품살포현대건설심만원벌금형,Social
1525,강풍에폭설제주기점항공기편결항만여명발묶여,Social
1526,대형마트공휴일의무휴업폐지지역소상공인마트노동자반발,Social
1527,백윤식이합의서위조세연하연인무고혐의기소,Social
1528,백윤식이합의서위조주장했던연인무고혐의로기소,Social
1529,삼성바이오에서어찌이런일이아들간부들폭언성희롱만연,Social
1530,법무부차관대행모드서갑자기장관지명왜,Social
1531,현대건설반포주공단지불법수주재판심서벌금만원,Social
1532,최강한파에하늘길막히고계량기동파전국서피해속출,Social
1533,핫핫뜨겁다기후동행카드반나절만에만장팔려,Social
1534,하늘길뱃길막히고계량기동파최강한파에곳곳서피해,Social
1535,전과범대남성이번엔음주운전으로법정구속,Social
1536,노동자추락사베트남인아내국내들어와원청에사과요구,Social
1537,노조진행자교체위법가처분인사권각하,Social
1538,이재명건강이유로재판퇴정재판부는허가,Social
1539,은내란배포논란인천시의회의장불신임안처리불발,Social
1540,최강한파에꽁꽁언한반도추위속무료급식소한파쉼터가보니,Social
1541,원식당의기적라면한봉지보다싸게맛난밥먹을수있어요,Social
1542,부산북부경찰서상급자모시는날갑질신고감찰착수,Social
1543,제주에강한눈보라부산제주하늘길막혀김해공항편결항,Social
1544,최문순전강원지사레고랜드관련배임혐의로경찰조사,Social
1545,단독고발사주제보자조성은입당원서조작혐의로기소,Social
1546,단독씩사이좋게경찰억대보조금먹튀교육업체수사중,Social
1547,환자때리고바닥에끌었는데요양병원간병인최선다했다,Social
1548,전청조법정서떳떳하고싶다재판장단어다시생각하라일침,Social
1549,술마시고초등학교침입해화학약품훔친대,Social
1550,경제성논리로몽니안돼달빛철도특별법제정요구왜,Social
1551,검찰배우백윤식허위고소전연인기소,Social
1552,이선균수사정보유출인천청언론사압수수색,Social
1553,몰래녹음증거안돼찬반분분아이위해필요학습권침해,Social
1554,백윤식허위고소혐의전연인불구속기소,Social
1555,모든저출생정책소득기준폐지서울시의회저출생방안제시,Social
1556,소방관채용체력시험년부터남녀같은평가기준적용한다,Social
1557,총각이대피하라고불나자층서층까지문두드린대,Social
1558,부산청년인이낙연신당새로운미래입당선언,Social
1559,이하신축주택양도세종부세중과배제,Social
1560,이틀째결항편훌쩍만명발묶였다내일눈더내려,Social
1561,검찰고가매입의혹정의선회장동서소환,Social
1562,남녀동일하게체력평가소방관시험어떻게바뀌나,Social
1563,너흰대가리삼성바이오로직스괴롭힘성희롱만연했다,Social
1564,년만에노조원만명감소실체없는노조삭제영향,Social
1565,제주공항국내선전편결항약만천명발묶여,Social
1566,법원동의없는앵커교체위법언론노조가처분신청각하,Social
1567,소방서시끄러워집값떨어진다항의전화테러한주민지금이뉴스,Social
1568,가족욕은못참아주취자폭행한경찰법원판단은,Social
1569,자막뉴스차례찔렀는데우발적범행판결이유는,Social
1570,한꺼번에대학떠난교수들간호학과학생들날벼락지금이뉴스,Social
1571,강풍폭설에비행기배편막힌제주만명발묶여,Social
1572,서울도심에서집단마약철제상자엔필로폰과투약도구,Social
1573,백윤식이문서위조주장한세연하전연인무고혐의재판행,Social
1574,전공의의대일방증원땐파업의향정부용인못해즉각견제,Social
1575,넌여기어떻게들어왔냐막말일상인삼성바이오로직스,Social
1576,김봉현불출석에정치인재판공전총선뒤로밀리나,Social
1577,제주도내일까지최대눈폭탄아침영하도내일날씨,Social
1578,예비신부회찔러살해유족범행자해자수까지분계획적이슈시개,Social
1579,관리자가여기어떻게들어왔냐야근후새벽별보러가자삼성바이오서적발,Social
1580,랑못해먹겠네폭언일삼는대기업바이오관리자들,Social
1581,서울체감영하도까지뚝호남제주등폭설,Social
1582,평창서또가스누출시간분만에안전조치완료종합,Social
1583,엉덩이움켜잡고주물렀다받던트레이너성추행무혐의에분노,Social
1584,푸바오이젠안녕월초중국보낸다,Social
1585,검찰무고혐의로백윤식전연인불구속기소,Social
1586,불구경하러온겁니까대통령면담무산에뿔난서천일부상인들,Social
1587,고용부삼바근로감독결과발표폭언등경험종합,Social
1588,의약품빼돌리는의료인들관리강화시급,Social
1589,속보한동훈윤석열만난후깊은존중과신뢰의마음가지고있다,Social
1590,대형마트평일에쉬면이마트롯데쇼핑영업익껑충,Social
1591,민주당전남도당컨트롤타워부재논란선거법도모르나,Social
1592,무제한교통카드인기대폭발판매량실화,Social
1593,자막뉴스여자탈락이유있었다한회사의황당한승진기준,Social
1594,대한노인회집에있으면며느리불편이준석세상물정몰라,Social
1595,의사적어힘들다면서전공의의대증원시파업,Social
1596,광주전남내일까지최대눈더온다,Social
1597,서울평창동빌라에모여집단마약투약한명검찰송치,Social
1598,나대치동수학강사오늘쏜다만원어치술먹고도주한남성의정체,Social
1599,윤대통령은층화재피해상인층안만나고기냥가는겨,Social
1600,대설대책회의불참지각충주시간부무더기경위서,Social
1601,한복차려입은조민홍삼모델됐어요,Social
1602,설앞두고대형화재에상인들망연자실,Social
1603,시세조종가담혐의사모펀드운용사검찰송치,Social
1604,대장동재판일만에재개이재명유동규대면,Social
1605,한파에청소년올림픽현장곤혹성공여부에엇갈린주민반응,Social
1606,폭설강풍에제주공항무더기결항만여명발묶여,Social
1607,단독김만배가낸신학림책값허위보도대가정황포착,Social
1608,재건축금품살포현대건설벌금형,Social
1609,디지털기기쓸수록수학점수뚝뚝시간에점씩하락,Social
1610,조국지킴이자처공지영작가뒤늦은후회,Social
1611,무거운습설에한파강풍까지시설물붕괴동파걱정태산,Social
1612,대장동재판일만에재개이재명재판부허가로오후퇴정,Social
1613,전사위특혜채용의혹수사어디까지이번엔전청와대인사비서관조사,Social
1614,별보러가자며양평까지모바이오대기업갑질사례적발,Social
1615,의대증원에전공의단체행동엄포고통외면국민협박비판,Social
1616,굴착기버킷분리종로공사현장서인부명추락명숨져,Social
1617,이재명대장동재판출석했다몸아프다오후퇴정,Social
1618,최강한파에결항동파잇따라출근길시민들은사고걱정도,Social
1619,남편죽는다신고에출동한경찰평창동집단마약현장잡았다,Social
1620,룸카페서미성년자와부적절성관계맺은대구속영장,Social
1621,횡령혐의피소김수미모자우리가피해자서로주장무엇,Social
1622,들삼성바이오로직스절반상습폭언성희롱경험,Social
1623,식당알바생에오렌지까달라는손님서비스직이런건가요,Social
1624,숭인동신축공사현장서인부명추락명숨져,Social
1625,이화영대북송금재판새재판부선고가능성높아,Social
1626,명출산율쇼크서울시의회저출생정책소득기준폐지파격제안,Social
1627,국민의힘고양지역예비후보들고양시서울편입한목소리,Social
1628,남편죽을수도있다신고한그집남녀마약취해있었다,Social
1629,서울기후동행카드판매첫날오전에만만장팔려,Social
1630,김주영국회의원인하대병원설립의지확인,Social
1631,종로구평창동빌라서남녀명마약집단투약,Social
1632,이화영심선고결국늦춰질전망다음재판부가맡을듯,Social
1633,단독지옥에서보낸일진실화해위국정원에첫자료제출명령,Social
1634,이재명대장동재판서건강이유퇴정재발않길,Social
1635,기후동행카드판매시작오전에만만장팔려,Social
1636,아이앞에서이혼졸라대는남편아동학대일까,Social
1637,최고수익보장억대투자사기일당명검거,Social
1638,추모관벽에침뱉은사람도그가년동안화난이유,Social
1639,단독담임교사얼굴여성사진에합성교보위신청하자돌아온아동학대신고,Social
1640,명의빌려빌라세운뒤억꿀꺽전세사기일당최대징역년,Social
1641,발넓을수록진짜친구많을수록위험낮다,Social
1642,서울종로구평창동서마약투약일당명송치,Social
1643,년끌어온을숙도길고양이논란여전한입장차,Social
1644,우리한텐물어봤나대형마트의무휴업폐지추진에소상공인마트노동자부글부글,Social
1645,납치신고에도출동안해유족국가상대억원대손배소,Social
1646,민주당선박광온의원선도전,Social
1647,제주대한항공아시아나전편결항노선셋중둘끊겨,Social
1648,일방적인앵커교체위법노조가처분신청법원서각하,Social
1649,교통비할인전쟁쏟아지는혜택속요금절감효과보려면,Social
1650,김포시김포골드라인새운영사현대로템선정,Social
1651,폭설광주전남하늘바다막히고빙판길사고건종합,Social
1652,예비신부차례찌른대심신미약주장정신지체냐막말들어서번복,Social
1653,차량에쌓인눈안치웠다가따라오던차앞유리와장창,Social
1654,올해네살되는푸바오월중국으로떠난다,Social
1655,평창동빌라에모여마약투약한명검찰송치,Social
1656,아개들삼바본사절반넘게괴롭힘성희롱경험,Social
1657,초등학교침입해염산훔친대자택서모의총기발견,Social
1658,회장님말만믿었다가볼빅상표권소송서볼빅패소,Social
1659,포스코홀딩스중국호화이사회의혹고발인조사회원제골프장까지돈으로해결했다진술,Social
1660,자막뉴스의자둘곳도없다학생대응못해발동동,Social
1661,장애인강제추행인권운동가심징역년에검찰항소,Social
1662,이쑤시개튀김빨대파스타떠도는괴식먹어도될까,Social
1663,박성재법무장관후보자누구강직원칙실력평가,Social
1664,올해네살되는판다푸바오월초중국귀환,Social
1665,년전울산다방여주인살인사건피의자구속기소,Social
1666,세선수들에게콘돔을강원청소년올림픽에발칵,Social
1667,노조원년만에감소재작년노동자가입,Social
1668,청량리구역재개발비리의혹동대문구청압수수색,Social
1669,신축공사장높이에서인부명추락대남성사망,Social
1670,유령노조삭제했더니노조조합원수년만에감소,Social
1671,남편죽을것같다신고에출동하니집단마약투약범들검찰송치,Social
1672,하지정맥류시술로억원보험사기주도한의사징역년,Social
1673,재난현장서순직한소방관의딸위해생일파티열어준동료들,Social
1674,경찰해외이사회의혹고발인조사,Social
1675,장롱에서김치통마늘밭까지기상천외한검은돈숨기기,Social
1676,폭언에성희롱삼성바이오로직스에괴롭힘만연,Social
1677,영화친구나온부산칠성파와신세기파장례식장난투극무더기징역형,Social
1678,교환학생우선선발졸업장차별화우수학생특혜몰아주기에단국대시끌,Social
1679,녹말이쑤시개튀김유행먹어도문제없을까,Social
1680,경찰평창동빌라서집단마약하던일당명체포명송치,Social
1681,핫하네서울기후동행카드반나절만에만천여장팔려,Social
1682,서천특화시장화재수산동층점포서시작패널구조에강풍까지,Social
1683,검찰배우백윤식전연인기소허위고소혐의,Social
1684,재판지연논란이화영쌍방울대북송금심결국새재판부가판단,Social
1685,이선균협박수억뜯은전직배우유흥업소실장재판행,Social
1686,결혼약속한여친회찔러살해징역년형,Social
1687,최문순전강원지사레고랜드관련배임혐의로경찰조사받아,Social
1688,광주시정부국회달빛철도특별법통과적극나서야,Social
1689,무기징역최윤종피해자때문에살인자돼유족울분,Social
1690,법무부장관에박성재전서울고검장지명사법개혁적임자,Social
1691,청소년올림픽콘돔배포하자학부모단체반발지금이뉴스,Social
1692,시세조종가담혐의사모펀드운용사검찰송치,Social
1693,곗돈억원빼돌린대여성구속송치피해자만명,Social
1694,폐그물걸린제주남방큰돌고래이상행동구조시급,Social
1695,반포주공불법수주혐의현대건설심만원벌금형,Social
1696,종로구공사장서작업하던대인부추락해사망,Social
1697,베트남근로자추락사청주아파트원청에민노총성실교섭촉구,Social
1698,폄훼논란인천시의장불신임안셀프거부,Social
1699,합격내손에달렸다여직원몸더듬었지만참아야했다,Social
1700,룸카페서미성년자에성범죄저지른대경찰구속영장신청,Social
1701,부산형통합늘봄프로젝트추진교육단체반응보니,Social
1702,이장우대전시장원설본부이전문제지역국회의원역할아쉬워,Social
1703,서울평창동서마약집단투약명검찰송치,Social
1704,작업자사망멀티유틸리티대표중대재해법기소,Social
1705,영하도북극한파위력어떻게제주공항문을닫게했나,Social
1706,포스코범대위사실상황제로비호화이사회더있었을수도,Social
1707,눈보라에제주하늘바닷길다끊겨눈길사고속출종합보,Social
1708,계약금억원편취은평주택조합대행사대표구속송치,Social
1709,부산대병원첫전문약사시험명응시전원합격,Social
1710,이혼소송아내스토킹혐의남편에전자발찌채웠다전국첫사례종합,Social
1711,시세조종의혹사모펀드송치별도혐의포착,Social
1712,카카오와시세조종공모사모펀드압수수색,Social
1713,지지층굴복의도인사지지층김정숙에도도,Social
1714,불법대북송금이화영심선고다음재판부로넘어갈듯,Social
1715,배우백윤식전연인무고혐의로기소,Social
1716,검찰백윤식허위고소혐의전연인불구속기소,Social
1717,반포주공재건축금품살포현대건설임직원벌금형,Social
1718,년부터소방관체력시험남녀동일기준적용된다,Social
1719,서천특화시장화마키운소방설비불길치솟는데감지늦어,Social
1720,서울시기후동행카드판매첫날오전만여장팔려,Social
1721,의대생외면받는공중보건장학제도공공병원의료인력확보난항,Social
1722,헤어질결심푸바오출국날짜잡혔다,Social
1723,국힘민현주예비후보송도스마트스퀘어분양사기논란엄정수사필요,Social
1724,일만에재개된대장동재판이재명몸아프다오후퇴정,Social
1725,평창동서집단마약류투약남녀명송치,Social
1726,장례식장난투극신세기파칠성파줄줄이징역형,Social
1727,파란하천만든주범수질분석기준도없었다,Social
1728,푸바오월초까지만만날수있다월중국귀환,Social
1729,콘돔나눠주자엄마들발칵뒤집혔다호기심많은대라고올림픽폐지해야,Social
1730,전과범이번엔만취상태로운전대잡았다가법정구속,Social
1731,평창동서남녀명밤새마약집안엔필로폰주사기,Social
1732,윤대통령서천시장찾아신속지원약속일부상인불만도,Social
1733,환자때리고입엔박스테이프병원은최선다한행위취재후,Social
1734,윤대통령서천시장화재특별재난지역가능여부즉시검토,Social
1735,아내외도의심해위치추적기부착한대집행유예,Social
1736,파주고압선송전선로도로굴착시와건설행정심판으로판가름,Social
1737,반포주공재건축금품살포현대건설임직원벌금형,Social
1738,년부터소방관체력시험남녀동일기준적용된다,Social
1739,서천특화시장화마키운소방설비불길치솟는데감지늦어,Social
1740,서울시기후동행카드판매첫날오전만여장팔려,Social
1741,의대생외면받는공중보건장학제도공공병원의료인력확보난항,Social
1742,헤어질결심푸바오출국날짜잡혔다,Social
1743,국힘민현주예비후보송도스마트스퀘어분양사기논란엄정수사필요,Social
1744,일만에재개된대장동재판이재명몸아프다오후퇴정,Social
1745,평창동서집단마약류투약남녀명송치,Social
1746,장례식장난투극신세기파칠성파줄줄이징역형,Social
1747,파란하천만든주범수질분석기준도없었다,Social
1748,푸바오월초까지만만날수있다월중국귀환,Social
1749,콘돔나눠주자엄마들발칵뒤집혔다호기심많은대라고올림픽폐지해야,Social
1750,전과범이번엔만취상태로운전대잡았다가법정구속,Social
1751,평창동서남녀명밤새마약집안엔필로폰주사기,Social
1752,윤대통령서천시장찾아신속지원약속일부상인불만도,Social
1753,환자때리고입엔박스테이프병원은최선다한행위취재후,Social
1754,윤대통령서천시장화재특별재난지역가능여부즉시검토,Social
1755,아내외도의심해위치추적기부착한대집행유예,Social
1756,흉기피습이재명대장동재판출석오후엔조기퇴정왜,Social
1757,지방흡입수술뒤중국여성사망서울경찰청직접수사,Social
1758,단독거기죠번전화건그놈대구속송치,Social
1759,남양주가평구운천원인미상기름둥둥,Social
1760,장애인단체일오태원부산북구청장발언규탄집회,Social
1761,김포골드라인새운영사현대로템선정올월부터년간,Social
1762,초등학교과학실서화학약품훔친대회사원입건,Social
1763,가짜명품귀걸이에기준치배카드뮴가방지갑에도발암물질,Social
1764,윤대통령서천시장화재에특별재난지역선포가능여부즉시검토,Social
1765,수익보장억원가로챈투자리딩사기일당송치,Social
1766,영상부실시공주민과실안양물난리원인공방,Social
1767,소방관줄어드나채용때체력평가남녀동일기준적용,Social
1768,오세훈표기후동행카드대박조짐첫날오전만장팔려,Social
1769,노조조합원만명감소년만에줄었다,Social
1770,배우백윤식연인무고혐의로재판행,Social
1771,유아인측우울증오래앓아수면마취제의존투약인정반성,Social
1772,억들인나이스또오류이번엔연말정산,Social
1773,시민뜻제대로반영하는정치로사람중심남양주만들겠다,Social
1774,강풍폭설제주국내선항공편전편결항에만여명발묶여종합,Social
1775,휴대전화전면제한중단권고에도거부학교잇따라,Social
1776,대구시대구대형마트의무휴업평일전국에통했다,Social
1777,이슈플러스바이오제약이종결합확산부진탈출기대감,Social
1778,박성재는누구이믿는선배한동훈대신할검찰관리자낙점,Social
1779,김태흠충남지사대통령에서천특화시장신축지원건의,Social
1780,이재명유동규피습교통사고후첫재판눈길도안줘,Social
1781,항공사도포기제주섬에만명발묶여,Social
1782,정보라의월간데모지붕오른여성노동자들밤새투쟁하는이태원참사유가족들,Social
1783,합의서위조주장한백윤식연인무고죄로법정행,Social
1784,시세조종가담혐의사모펀드운용사검찰송치,Social
1785,카카오수사범위넓힌다원아시아별도혐의로압수수색,Social
1786,검찰라임펀드수사처음부터전부재검토자금사용처모두확인,Social
1787,올겨울한랭질환사망명젖은옷오래입고있으면위험,Social
1788,감동할줄알았는데년사귄여자친구가프로포즈거절한이유는,Social
1789,백윤식이합의서위조전연인무고혐의로기소,Social
1790,구글다니다정리해고그런데즐거운이유인터뷰,Social
1791,민주노총총선은정권심판이후에는정권퇴진,Social
1792,주호민부부아동학대로신고당해근거없는허위사실,Social
1793,고양시데이터센터허가반발에주민설명회로설득나서,Social
1794,대북송금의혹이화영심선고결국다음재판부가맡을듯,Social
1795,서울시의회파격제안모든저출생정책소득기준없애자종합,Social
1796,굴착기버킷타고작업하던근로자추락명사망명부상,Social
1797,횡령으로고소당한김수미모자우리가피해자법정서다툴것,Social
1798,무기징역최윤종피해자가반항해서일커졌다유족측왜살리느냐,Social
1799,화보설국으로변한울릉도이틀간기록,Social
1800,달빛철도단순한아냐철도항만공항연계남부거대경제권신호탄,Social
1801,영화처럼책모양상자에하얀가루평창동서집단마약,Social
1802,년간함께산아내살해한대징역년확정,Social
1803,천만원대출거절해서년같이산아내살해한남편,Social
1804,한겨울속딸기수확체험뉴시스,Social
1805,대장동재판출석이재명재판부허가로오후퇴정,Social
1806,법원앵커교체는위법언론노조가처분신청각하,Social
1807,이재명일만에재개된대장동재판출석후퇴정왜,Social
1808,수익챙겨주겠다억대투자금가로챈일당덜미,Social
1809,외도의심아내사무실에차량에위치추적기대집유,Social
1810,대몰던전기택시인도넘어건물로돌진명부상,Social
1811,짝퉁명품귀걸이서기준치배발암물질,Social
1812,잘가푸바오월초중국송환결정월초까지만일반공개,Social
1813,서울시기후동행카드판매첫날오전만장팔렸다,Social
1814,대구북구이슬람사원건립반대주민공사중단거듭촉구,Social
1815,올해네살되는푸바오월초중국으로돌아간다,Social
1816,작년법인파산개인회생역대최다,Social
1817,서울시내대형마트의무휴업일평일전환한다서울시의회조례개정추진,Social
1818,버스타려는승객못보고치어숨지게한운전기사벌금형,Social
1819,푸바오월초중국으로떠난다월초까지만일반공개,Social
1820,검찰백윤식허위고소혐의전연인불구속기소,Social
1821,희망퇴직금부족하니임금반납하라직원들부글부글이회사어디,Social
1822,도시및주거환경정비법위반현대건설벌금만원,Social
1823,결항편편넘어대중대못떠양대국적사제주기점전편결항발만동동,Social
1824,천하람김정숙여사가명품백받았다면한동훈걸리면가야지했을것,Social
1825,아개들삼성바이오로직스본사절반괴롭힘성희롱경험,Social
1826,텀블러쓰고받은탄소중립포인트네이버페이로도받는다,Social
1827,서울평창동집에서집단마약명검찰송치,Social
1828,이재명대장동재판출석오후엔재판부허가로퇴정,Social
1829,대구시대형마트공휴일의무휴업여년만에전면폐지이끌어내,Social
1830,갓들어온대가부장보직맡기싫은선생님들왜,Social
1831,받는회원엉덩이주물럭성추행아니랍니다,Social
1832,이재명건강상이유공판재개분여만에퇴정없이증인신문진행,Social
1833,화재피해서천특화시장상인회서천군에복구지원촉구,Social
1834,서천시장화재층빈점포서스파크튀며불길종합,Social
1835,검찰백윤식허위고소혐의전연인불구속기소,Social
1836,빈사상태건설시장회복위해여야중앙지방정부발벗고나서야,Social
1837,보험금받으면입금하고나머지는용돈하세요억원보험사기주도한병원장,Social
1838,자이언트판다푸바오월초중국행월초까지만만나요,Social
1839,만원받고위증했다가뺑소니당하고도빨간줄그인대,Social
1840,짝퉁귀걸이조사했더니발암물질최고배범벅,Social
1841,올림픽대로로길막유튜버로달려도처벌못해,Social
1842,폭설강풍여파제주공항결항만편이상,Social
1843,한파속밤샘배종료이태원특별법공포하라영상,Social
1844,불법대북송금이화영심선고결국다음재판부가맡을듯,Social
1845,경찰수사받는스토킹가해자에전자발찌부착전국첫사례나왔다,Social
1846,양산시의회는여성직원상습성추행의혹시의원제명하라,Social
1847,급발진의혹손해배상소송서운전자패소현대차승소,Social
1848,마곡땅쓰지도못했는데한화오션취득세억취소소송패소,Social
1849,설연휴나는걱정말개반려견돌봄쉼터문열어,Social
1850,푸바오이젠안녕올해네살되는푸바오월초중국귀환,Social
1851,한밤중초교과학실몰래들어가화학약품병훔친대검거,Social
1852,굴삭기버킷분리종로구공사현장서인부명추락명사망,Social
1853,원의아침밥소규모대학은그림의떡,Social
1854,동의없는앵커교체위법노조소제기법원서각하,Social
1855,정호용유혈진압나와무관진상조사결과는인정못해,Social
1856,고수익보장중고차팔다만난일당명등쳐억꿀꺽,Social
1857,고수익보장해줄게속여억여원가로챈일당검거,Social
1858,허위로시술비용부풀려억원의료보험금챙긴의사징역년,Social
1859,마약던지기변천사마약사범구성도변해김동규의마약스톱,Social
1860,살다살다가게에싸고간놈은처음무인점포에대변테러,Social
1861,공탁금내겠다더니주식투자변호사에벌금형,Social
1862,푸바오월초중국행약주뒤면에버랜드가도못본다,Social
1863,이마트옆한식당주말매출배뛰었다대구평일휴무년,Social
1864,이젠정말안녕푸바오월초중국으로떠난다,Social
1865,서천시장화재특별재난지역선포가능여부즉시검토,Social
1866,이건사야해기후동행카드첫날만장동났다,Social
1867,합의서위조됐다백윤식연인무고혐의기소,Social
1868,새로운판생응원해주세요푸바오월에버랜드떠나중국행,Social
1869,출산율꼴찌서울서울시의회저출생지원정책소득기준없애겠다,Social
1870,대학무전공확대교육부방침논란가열교수단체들학문생태계위협,Social
1871,목욕후교사앞알몸만세중학교수학여행물방울검사논란,Social
1872,김주하앵커가전하는주요뉴스,Social
1873,결항또결항제주도폭설에비행기못떠요대혼란,Social
1874,자막뉴스이걸먹다니에퍼진위험한먹방의정체,Social
1875,수면제먹이고아내살해한대남성징역년확정,Social
1876,종로구신축공사장높이서인부명추락명사망,Social
1877,샤넬짝퉁귀걸이서발암물질기준치최대배넘어,Social
1878,특보전북대설집중시기와지역은,Social
1879,충남도중부농축산물류센터다시애물단지전락,Social
1880,벌써올해네살판다푸바오월초중국귀환,Social
1881,청소년올림픽에콘돔을왜뿌려학부모단체발칵,Social
1882,의대증원반대젊은의사의대생결집정부강공책에변수될까,Social
1883,기후동행카드첫날오전에만만천장판매,Social
1884,너같은여자널렸다성병검사해아내살해혐의변호사학대보니,Social
1885,왕가진아이교사에갑질한그공무원반년간징계없었다,Social
1886,서울시기후동행카드판매첫날오전에만만천장넘게팔려,Social
1887,이화영심선고결국늦춰지나재판부월공판기일미지정,Social
1888,건설현장추락사베트남인아내국내들어와원청에사과요구,Social
1889,푸바오월에중국쓰촨성간다월초까지만볼수있어요,Social
1890,한동훈후임법무장관박성재윤석열이원석심우정근무연,Social
1891,하늘길막히고계량기동파최강한파에전국서피해잇따라,Social
1892,서천화재현장찾은윤대통령상인은안만나불구경하러왔나,Social
1893,재건축사업권따며금품살포현대건설벌금천만원,Social
1894,특보재난안전지도이시각전북대설상황은,Social
1895,한미임종윤이우현회장과회동보류계약서공개공방,Social
1896,한파가그린풍경뉴시스,Social
1897,꼬박꼬박챙겨먹은비타민독될수도태아기형흡연자폐암유발,Social
1898,한파대설로항공기편이상결항여객선척도통제,Social
1899,코인투자하면보장노후자금억사취한일당송치종합,Social
1900,민주윤대통령의선택적방심위원위촉헌법소원고발검토,Social
1901,음주운전하다건물들이받고그대로도주한대검거,Social
1902,강기정광주시장중앙공원지구선분양전환협의하겠다,Social
1903,강원청소년올림픽콘돔배포에분노한학부모들대회폐지해야,Social
1904,탑승하려고접근하는대치어숨지게한버스기사법원의판단은,Social
1905,눈보라몰아친제주공항여편무더기결항,Social
1906,지리산함양흑돼지를아시나요브랜드명품화시동,Social
1907,우리봄에꽃피면헤어지는거야푸바오월초고향간다,Social
1908,진료블랙홀된상급종합병원작년분기급여비점유율육박역대최고,Social
1909,보장불법리딩방서억챙긴전직중고차딜러일당,Social
1910,특보전북개시군대설특보내일까지넘는눈,Social
1911,박성재법무부장관후보자좌천된윤석열챙기던박근혜정부실세검사,Social
1912,대출요구거절했다고년함께산아내살해한남편징역년,Social
1913,머리잘라라비난받은조규성장발이유가과거인터뷰재조명,Social
1914,바이오도전장낸전북도억대장기유사체은행체결,Social
1915,수사중인스토킹가해자전자발찌법개정후첫사례,Social
1916,검찰보은투자의혹박성빈전스파크대표소환,Social
1917,이재명대장동재판출석했다재판부허가로오후퇴정,Social
1918,스브스픽윙윙철새낙원에등장한드론찍지말라말렸더니하는말,Social
1919,년을도망다녔다김재중밤길뒤쫓는사생택시법적대응키로,Social
1920,대구시의과감한대형마트규제개혁정부움직였다,Social
1921,소방관채용체력시험년부터남녀기준똑같아진다,Social
1922,서울시서울사랑상품권할인율로축소,Social
1923,서울시의회대형마트공휴일의무휴업없앤다,Social
1924,월초떠나는푸바오언제까지볼수있나,Social
1925,년부터소방공무원채용체력시험전면개편남녀동일기준평가,Social
1926,술취해초등학교과학실서화학약품마대자루에담아훔친대,Social
1927,김재관보령시의원청년비하막말논란밥술이나먹고,Social
1928,라서업력쌓여소신말했죠증권가놀래킨엄경아연구위원,Social
1929,맹추위속밤샘배이태원참사특별법공포촉구,Social
1930,해고일전통보충북교육공무직노조해고철회결의대회,Social
1931,조건만남미끼로모텔유인해흉기강도대남녀체포,Social
1932,장례식장난투극부산양대조직폭력배잇따라처벌,Social
1933,아르헨에서도경찰포스코호화이사회고발인조사,Social
1934,프로필박성재법무부장관후보원칙주의자특수통,Social
1935,초등학교이후한복처음입어봐조민홍삼광고모델변신,Social
1936,억원대은평주택조합사기대행사대표등명송치,Social
1937,자녀명낳고년같이산아내살해한대징역년확정,Social
1938,김포골드라인새운영사는현대로템서울교통공사철수,Social
1939,전공의단체행동조사결과에복지부유감불법행위엔엄정대응,Social
1940,폭설강풍에제주공항여편결항뱃길도차질,Social
1941,잘가푸바오월에중국행한달전부터관람객못본다,Social
1942,앵커교체위법노조가처분신청법원서각하,Social
1943,단독서울평창동서집단마약집안에는마약금고,Social
1944,머니픽전국연일북극발한파에수도계량기동파속출,Social
1945,만보고나가더라무인점포대변테러에사장경악,Social
1946,재편된방심위방송소위에연이어의견진술의결종합,Social
1947,검찰고가매입의혹박성빈전스파크대표소환,Social
1948,이상민의원군사시설자운대부지개발용도변경추진,Social
1949,동료복수장례식장흉기난투극부산조폭무더기징역형,Social
1950,공사장에서작업하던인부추락해사망,Social
1951,저출산국가소멸위기부총리급인구지역균형발전부신설해야,Social
1952,배우백윤식허위고소혐의전연인기소,Social
1953,팔공산국립공원인근불법폐기물매립혐의명법정선다,Social
1954,보수텃밭부산서민주당소속으로총선도전한세청년,Social
1955,이상한잣대김병욱반박에경실련입법과실재반박,Social
1956,폄훼허식인천시의장불신임안셀프거부버티기,Social
1957,점포개전소잿더미된서천시장대목앞두고망연자실,Social
1958,윤대통령한동훈비대위원장충남서천특화시장화재현장방문,Social
1959,소득제한없이신혼부부에호주택공급서울시저출생극복모델제안,Social
1960,유아인우울증오래앓아수면마취제의존투약인정,Social
1961,송영길감옥서도연일검찰탓정치검찰해체당만들기까지,Social
1962,폄훼논란허식인천시의회의장불신임안건셀프불상정,Social
1963,밖에서맥주못마시겠네마트보다식당에서배더올랐다,Social
1964,합의서위조주장했던백윤식연인검찰무고죄로기소,Social
1965,버스기다리던승객치어숨지게한버스운전기사벌금만원,Social
1966,녹말이쑤시개음식먹방유행과연먹어도될까,Social
1967,승객못보고운전해사망케한버스기사벌금만원,Social
1968,대전원설본부이전논란에대전시장합당치않다,Social
1969,푸바오이젠안녕올해네살되는푸바오월초중국귀환,Social
1970,아버지유언따라맨발로불난아파트뛰어다니며탈출도운청년,Social
1971,시술금부풀려억원꿀꺽의사알선브로커등명실형,Social
1972,원정진료어떻게해결하지제주도의료준공영제만지작,Social
1973,둘중하나죽는다아내외도의심달고위치추적도,Social
1974,손톱밑가피해자한풀었다년만에구속기소된살인범,Social
1975,광주중앙공원지구아파트결국선분양전환하나,Social
1976,서울대형마트공휴일의무휴업없앤다조례개정추진,Social
1977,울릉도많은눈현재대설경보내려,Social
1978,대구시가쏘아올린대형마트규제개혁정부가호응,Social
1979,프로필박성재신임법무부장관후보삼성포스코수사특수통,Social
1980,서울시의회대형마트공휴일휴무없앤다새벽배송도허용,Social
1981,인천주요뉴스이선균협박억가로챈전직배우유흥업소실장기소,Social
1982,양경수민주노총위원장임금노동권투쟁주력노사정대화안해,Social
1983,대설특보제주도등꽁꽁언하늘길항공기편결항,Social
1984,전공의결국집단행동나서나정부용인못해,Social
1985,배우백윤식옛연인무고죄로불구속기소,Social
1986,텀블러쓰면받는탄소중립포인트네이버페이로받는다,Social
1987,교사걷어차고침뱉은학생되레아동학대로신고,Social
1988,공지영조국욕먹으면서감쌌는데그런사람일줄몰랐다,Social
1989,이태원특별법을한번만이라도들여다보십시오,Social
1990,선택적방심위원위촉대통령에민주당형사고발헌법소원예고,Social
1991,서천특화시장개점포잿더미강한바람도원인한동훈피해점검,Social
1992,투자하면무조건수익보장억대사기행각벌인일당의최후,Social
1993,고이선균협박해억천만원뜯은전직배우유흥업소실장기소,Social
1994,버스기다리던승객치어숨지게한시내버스운전기사벌금형,Social
1995,원씨라서싫어프러포즈거절당한누리꾼사랑하면이름숭이어도,Social
